Wall time,Step,Value
1774600909.2204278,0,1.0419087409973145
1774600909.2415266,1,1.0419087409973145
1774600909.2607253,2,1.0419087409973145
1774600909.2812285,3,1.0419087409973145
1774600909.3014717,4,1.0419087409973145
1774600909.3225064,5,1.0419087409973145
1774600909.343584,6,1.0419087409973145
1774600909.36295,7,1.0419087409973145
1774600909.3841112,8,1.0419087409973145
1774600909.4026432,9,1.0419087409973145
1774600909.4257593,10,1.0419087409973145
1774600909.443952,11,1.0419087409973145
1774600909.4642556,12,1.0419087409973145
1774600909.4844415,13,1.0419087409973145
1774600909.5062475,14,1.0419087409973145
1774600909.525748,15,1.0419087409973145
1774600909.5462704,16,1.0419087409973145
1774600909.5648546,17,1.0419087409973145
1774600909.588443,18,1.0419087409973145
1774600909.6064315,19,1.0419087409973145
1774600909.6271615,20,1.0419087409973145
1774600909.6509154,21,1.0419087409973145
1774600909.6664612,22,1.0419087409973145
1774600909.6911306,23,1.0419087409973145
1774600909.7113626,24,1.0419087409973145
1774600909.7298014,25,1.0419087409973145
1774600909.7493382,26,1.0419087409973145
1774600909.7697573,27,1.0419087409973145
1774600909.791154,28,1.0419087409973145
1774600909.811221,29,1.0419087409973145
1774600909.831213,30,1.0419087409973145
1774600909.854444,31,1.0419087409973145
1774600909.8738244,32,1.0419087409973145
1774600909.891642,33,1.0419087409973145
1774600909.9130714,34,1.0419087409973145
1774600909.9336178,35,1.0419087409973145
1774600909.9549742,36,1.0419087409973145
1774600909.975531,37,1.0419087409973145
1774600909.9933689,38,1.0419087409973145
1774600910.0171566,39,1.0419087409973145
1774600910.0369887,40,1.0419087409973145
1774600910.0546863,41,1.0419087409973145
1774600910.077899,42,1.0419087409973145
1774600910.0962634,43,1.0419087409973145
1774600910.1182864,44,1.0419087409973145
1774600910.1380632,45,1.0419087409973145
1774600910.158277,46,1.0419087409973145
1774600910.1794188,47,1.0419087409973145
1774600910.1999464,48,1.0419087409973145
1774600910.2194967,49,1.0419087409973145
1774600910.237869,50,1.0419087409973145
1774600910.2611065,51,1.0419087409973145
1774600910.2795098,52,1.0419087409973145
1774600910.297934,53,1.0419087409973145
1774600910.323377,54,1.0419087409973145
1774600910.3415737,55,1.0419087409973145
1774600910.3601296,56,1.0419087409973145
1774600910.3821902,57,1.0419087409973145
1774600910.4015393,58,1.0419087409973145
1774600910.4211202,59,1.0419087409973145
1774600910.4419477,60,1.0419087409973145
1774600910.4639776,61,1.0419087409973145
1774600910.484324,62,1.0419087409973145
1774600910.5059464,63,1.0419087409973145
1774600910.5229962,64,1.0419087409973145
1774600910.5451944,65,1.0419087409973145
1774600910.5652738,66,1.0419087409973145
1774600910.5862303,67,1.0419087409973145
1774600910.6064448,68,1.0419087409973145
1774600910.6265898,69,1.0419087409973145
1774600910.6472387,70,1.0419087409973145
1774600910.6673238,71,1.173744797706604
1774600910.6880825,72,-0.21055230498313904
1774600910.714441,73,-1.4190679788589478
1774600910.7285361,74,-0.7598766088485718
1774600910.7492805,75,1.7230689525604248
1774600910.7701082,76,4.337858200073242
1774600910.788973,77,6.13964319229126
1774600910.810038,78,7.23829984664917
1774600910.8304424,79,7.963405609130859
1774600910.8483057,80,8.24905014038086
1774600910.870159,81,8.051292419433594
1774600910.889607,82,7.392107963562012
1774600910.910448,83,6.557131767272949
1774600910.9311678,84,5.678213596343994
1774600910.9521399,85,4.909154891967773
1774600910.9734237,86,4.271940231323242
1774600910.9945972,87,3.4149909019470215
1774600911.0128796,88,2.909611940383911
1774600911.0347362,89,2.645932197570801
1774600911.0529408,90,2.6239635944366455
1774600911.073474,91,2.755803346633911
1774600911.0956163,92,3.0634243488311768
1774600911.1160388,93,3.349076747894287
1774600911.1367788,94,3.568803310394287
1774600911.1593459,95,3.9203736782073975
1774600911.17976,96,4.227990627288818
1774600911.200382,97,4.491666793823242
1774600911.2186904,98,4.579565048217773
1774600911.236377,99,4.579565048217773
1774600911.255405,100,4.513639450073242
1774600911.2758915,101,4.447725296020508
1774600911.298183,102,4.271940231323242
1774600911.3204293,103,4.052213191986084
1774600911.3384767,104,3.8984010219573975
1774600911.358688,105,3.810506582260132
1774600911.3790965,106,3.678666830062866
1774600911.4003713,107,3.5028891563415527
1774600911.4231865,108,3.4149909019470215
1774600911.4435189,109,3.349076747894287
1774600911.4631429,110,3.349076747894287
1774600911.4835498,111,3.349076747894287
1774600911.5010078,112,3.371041774749756
1774600911.522314,113,3.3930182456970215
1774600911.5405684,114,3.4149909019470215
1774600911.5631895,115,3.4149909019470215
1774600911.5830233,116,3.4149909019470215
1774600911.607296,117,3.3930182456970215
1774600911.62349,118,3.3930182456970215
1774600911.644041,119,3.3930182456970215
1774600911.6651971,120,3.4149909019470215
1774600911.6848562,121,3.4369635581970215
1774600911.7062707,122,3.4369635581970215
1774600911.7257667,123,3.4369635581970215
1774600911.7483966,124,3.4369635581970215
1774600911.7681766,125,3.4369635581970215
1774600911.787711,126,3.4369635581970215
1774600911.808794,127,3.4369635581970215
1774600911.8278632,128,3.4369635581970215
1774600911.853072,129,3.4369635581970215
1774600911.8694007,130,3.4369635581970215
1774600911.8905754,131,3.4149909019470215
1774600911.9107742,132,3.4149909019470215
1774600911.932104,133,3.4149909019470215
1774600911.950316,134,3.3930182456970215
1774600911.9709558,135,3.371041774749756
1774600911.9928403,136,3.349076747894287
1774600912.0124922,137,3.3051273822784424
1774600912.032543,138,3.2831549644470215
1774600912.051422,139,3.2611823081970215
1774600912.072368,140,3.1952643394470215
1774600912.09297,141,3.1513149738311768
1774600912.1131732,142,3.129342555999756
1774600912.1352074,143,3.107369899749756
1774600912.153293,144,3.107369899749756
1774600912.1745968,145,3.0853970050811768
1774600912.1964,146,3.0853970050811768
1774600912.2167637,147,3.0853970050811768
1774600912.2387717,148,3.0853970050811768
1774600912.259303,149,3.0853970050811768
1774600912.2785318,150,3.0853970050811768
1774600912.2962236,151,3.0853970050811768
1774600912.318092,152,3.0853970050811768
1774600912.3387282,153,3.0853970050811768
1774600912.3584988,154,3.0853970050811768
1774600912.378357,155,3.107369899749756
1774600912.3998165,156,3.107369899749756
1774600912.4195256,157,3.1513149738311768
1774600912.4390638,158,3.2611823081970215
1774600912.4598694,159,3.349076747894287
1774600912.4790242,160,3.371041774749756
1774600912.5003748,161,3.568803310394287
1774600912.5218017,162,3.766561269760132
1774600912.540878,163,4.030240535736084
1774600912.5609615,164,4.293912887573242
1774600912.5830824,165,4.601537704467773
1774600912.6021776,166,4.909154891967773
1774600912.6229694,167,5.150862216949463
1774600912.643109,168,5.480448246002197
1774600912.6640623,169,5.744131565093994
1774600912.6848521,170,5.853994846343994
1774600912.703926,171,5.875967979431152
1774600912.7251544,172,5.875967979431152
1774600912.7434373,173,5.875967979431152
1774600912.7646344,174,5.875967979431152
1774600912.7859623,175,5.7880730628967285
1774600912.806927,176,5.524397373199463
1774600912.8273637,177,5.458475589752197
1774600912.8474839,178,5.370588779449463
1774600912.8672101,179,5.370588779449463
1774600912.8877556,180,5.348616123199463
1774600912.9100614,181,5.326643466949463
1774600912.9300802,182,5.326643466949463
1774600912.9481275,183,5.326643466949463
1774600912.9687862,184,5.304670810699463
1774600912.989654,185,5.150862216949463
1774600913.0086799,186,5.150862216949463
1774600913.0297203,187,5.150862216949463
1774600913.0507107,188,5.128889560699463
1774600913.0698926,189,5.062963485717773
1774600913.0918007,190,5.019022464752197
1774600913.1105952,191,4.909154891967773
1774600913.1321058,192,4.821264266967773
1774600913.152087,193,4.711397171020508
1774600913.173331,194,4.579565048217773
1774600913.1949081,195,4.447725296020508
1774600913.212891,196,4.271940231323242
1774600913.2337399,197,4.118127822875977
1774600913.254306,198,4.008260726928711
1774600913.2746944,199,3.832479238510132
1774600913.2959962,200,3.656694173812866
1774600913.3157234,201,3.546830892562866
1774600913.336134,202,3.5028891563415527
1774600913.3567998,203,3.4589362144470215
1774600913.377611,204,3.4149909019470215
1774600913.39745,205,3.4149909019470215
1774600913.4173985,206,3.4149909019470215
1774600913.4369655,207,3.4149909019470215
1774600913.4572427,208,3.3930182456970215
1774600913.477115,209,3.3930182456970215
1774600913.500757,210,3.3930182456970215
1774600913.520674,211,3.480912685394287
1774600913.5406413,212,3.590775966644287
1774600913.5614777,213,3.634721517562866
1774600913.5814812,214,3.612748622894287
1774600913.6006572,215,3.568803310394287
1774600913.621366,216,3.4589362144470215
1774600913.6419208,217,3.3051273822784424
1774600913.661992,218,3.2831549644470215
1774600913.6843288,219,3.2611823081970215
1774600913.7070513,220,3.2611823081970215
1774600913.7240207,221,3.1952643394470215
1774600913.7436965,222,3.0194790363311768
1774600913.7638457,223,2.887639284133911
1774600913.7847724,224,2.733830690383911
1774600913.8050013,225,2.5580453872680664
1774600913.8249333,226,2.44817852973938
1774600913.8454115,227,2.360287666320801
1774600913.864839,228,2.2064788341522217
1774600913.8866417,229,2.052666425704956
1774600913.906819,230,1.92082679271698
1774600913.9266732,231,1.83293616771698
1774600913.9492202,232,1.8109633922576904
1774600913.968003,233,1.8109633922576904
1774600913.9889982,234,1.7670143842697144
1774600914.0095804,235,1.7010962963104248
1774600914.0292375,236,1.6571547985076904
1774600914.0510561,237,1.5912367105484009
1774600914.070925,238,1.5472838878631592
1774600914.0891027,239,1.4813696146011353
1774600914.1128986,240,1.4813696146011353
1774600914.131678,241,1.4593970775604248
1774600914.1508992,242,1.34952974319458
1774600914.169925,243,1.1517720222473145
1774600914.19135,244,0.9759868383407593
1774600914.2120752,245,0.9100727438926697
1774600914.232004,246,0.7782328724861145
1774600914.2548943,247,0.8002055287361145
1774600914.2737927,248,0.7782328724861145
1774600914.2940495,249,0.6683657765388489
1774600914.3165753,250,0.4925844371318817
1774600914.33594,251,0.3167993128299713
1774600914.3538792,252,0.22890864312648773
1774600914.3760023,253,0.1849595010280609
1774600914.3970337,254,0.1849595010280609
1774600914.4160511,255,0.20693597197532654
1774600914.437731,256,0.22890864312648773
1774600914.4569602,257,0.3167993128299713
1774600914.4775898,258,0.536533534526825
1774600914.499418,259,0.7782328724861145
1774600914.5201874,260,1.06388521194458
1774600914.5395389,261,1.3934751749038696
1774600914.560689,262,1.7010962963104248
1774600914.5794942,263,2.008721351623535
1774600914.6002953,264,2.3822641372680664
1774600914.6200554,265,2.667912721633911
1774600914.640917,266,3.0853970050811768
1774600914.6620839,267,3.568803310394287
1774600914.680589,268,4.052213191986084
1774600914.7020257,269,4.513639450073242
1774600914.7235336,270,4.997049808502197
1774600914.742715,271,5.524397373199463
1774600914.7625444,272,6.13964319229126
1774600914.7849677,273,6.579103946685791
1774600914.803335,274,7.018561363220215
1774600914.8248453,275,7.479995250701904
1774600914.8438003,276,7.919459819793701
1774600914.8640404,277,8.16115951538086
1774600914.8841946,278,8.402862548828125
1774600914.9054842,279,8.622589111328125
1774600914.9266365,280,8.842327117919922
1774600914.9471724,281,9.062053680419922
1774600914.9675033,282,8.974163055419922
1774600914.9876406,283,8.798377990722656
1774600915.006605,284,8.44681167602539
1774600915.0274107,285,8.051292419433594
1774600915.0488856,286,7.61183500289917
1774600915.0685282,287,7.282240867614746
1774600915.089414,288,6.8647565841674805
1774600915.1097038,289,6.381346702575684
1774600915.128168,290,5.98583459854126
1774600915.1508455,291,5.700186252593994
1774600915.1714315,292,5.436506748199463
1774600915.1906235,293,5.084936141967773
1774600915.2107568,294,4.667451858520508
1774600915.2309694,295,4.184045791625977
1774600915.252195,296,3.810506582260132
1774600915.2729926,297,3.4589362144470215
1774600915.292344,298,3.107369899749756
1774600915.3136647,299,2.887639284133911
1774600915.3320704,300,2.733830690383911
1774600915.3524334,301,2.338315010070801
1774600915.3731742,302,2.1185882091522217
1774600915.3941991,303,1.964775800704956
1774600915.4132044,304,1.85490882396698
1774600915.433283,305,1.8109633922576904
1774600915.4542058,306,1.7889907360076904
1774600915.475175,307,1.7670143842697144
1774600915.4965422,308,1.7230689525604248
1774600915.5153522,309,1.6571547985076904
1774600915.5355651,310,1.5033384561538696
1774600915.5570974,311,1.30558443069458
1774600915.5781248,312,1.1078267097473145
1774600915.5976827,313,0.9320454001426697
1774600915.6191618,314,0.8002055287361145
1774600915.640043,315,0.7562602162361145
1774600915.6596131,316,0.7782328724861145
1774600915.68034,317,0.7782328724861145
1774600915.698708,318,0.8002055287361145
1774600915.7214031,319,0.7782328724861145
1774600915.7392714,320,0.7562602162361145
1774600915.761211,321,0.7562602162361145
1774600915.7805595,322,0.6683657765388489
1774600915.799388,323,0.4706117808818817
1774600915.823274,324,0.22890864312648773
1774600915.842688,325,0.1849595010280609
1774600915.8617704,326,0.16298682987689972
1774600915.8823664,327,0.07509616017341614
1774600915.9023376,328,-0.05673982948064804
1774600915.9247584,329,-0.23252496123313904
1774600915.9448287,330,-0.49620458483695984
1774600915.9631033,331,-0.8257945775985718
1774600915.9854805,332,-0.9576343297958374
1774600916.0063565,333,-0.8697437047958374
1774600916.025809,334,-0.7818492650985718
1774600916.0481637,335,-0.5840952396392822
1774600916.0652215,336,-0.5621225833892822
1774600916.0855877,337,-0.5840952396392822
1774600916.1074667,338,-0.36436477303504944
1774600916.1268926,339,0.07509616017341614
1774600916.1481166,340,0.5584986209869385
1774600916.168357,341,1.173744797706604
1774600916.1876695,342,1.5912367105484009
1774600916.2106977,343,1.7889907360076904
1774600916.228741,344,2.140561103820801
1774600916.2476826,345,2.6239635944366455
1774600916.2708428,346,2.8436901569366455
1774600916.291667,347,2.887639284133911
1774600916.311668,348,2.777776002883911
1774600916.3317442,349,2.5800180435180664
1774600916.3504715,350,2.338315010070801
1774600916.372487,351,2.0966081619262695
1774600916.3918061,352,1.8988540172576904
1774600916.4120586,353,1.7450416088104248
1774600916.4334772,354,1.5912367105484009
1774600916.455523,355,1.4374243021011353
1774600916.4743264,356,1.34952974319458
1774600916.4938784,357,1.30558443069458
1774600916.5127954,358,1.26163911819458
1774600916.5354555,359,1.30558443069458
1774600916.5582795,360,1.3934751749038696
1774600916.5757713,361,1.3934751749038696
1774600916.596221,362,1.3715025186538696
1774600916.6159515,363,1.3275572061538696
1774600916.6379716,364,1.30558443069458
1774600916.656386,365,1.3275572061538696
1774600916.6786776,366,1.3715025186538696
1774600916.6988223,367,1.4154478311538696
1774600916.7185085,368,1.5033384561538696
1774600916.7393084,369,1.7230689525604248
1774600916.758402,370,1.94279944896698
1774600916.7783594,371,2.2064788341522217
1774600916.800004,372,2.667912721633911
1774600916.8218791,373,2.997502565383911
1774600916.8411212,374,3.5028891563415527
1774600916.8609664,375,4.074185848236084
1774600916.882532,376,4.689424514770508
1774600916.9023676,377,5.392560958862305
1774600916.9219806,378,6.11767053604126
1774600916.9415374,379,6.8647565841674805
1774600916.9617696,380,7.61183500289917
1774600916.982535,381,8.29300308227539
1774600917.0027153,382,9.040081024169922
1774600917.0242648,383,9.809131622314453
1774600917.0436954,384,10.578193664550781
1774600917.0634718,385,11.501053810119629
1774600917.0852368,386,12.511815071105957
1774600917.1056538,387,13.720327377319336
1774600917.1263885,388,15.104628562927246
1774600917.1467922,389,16.686683654785156
1774600917.1672866,390,18.20282745361328
1774600917.1868415,391,19.828819274902344
1774600917.2073746,392,21.21312141418457
1774600917.2277224,393,22.663339614868164
1774600917.248799,394,24.069612503051758
1774600917.2702534,395,25.541805267333984
1774600917.290012,396,27.211750030517578
1774600917.3107452,397,28.925649642944336
1774600917.331328,398,30.6175594329834
1774600917.3517618,399,32.309486389160156
1774600917.3724658,400,34.04534912109375
1774600917.3921063,401,35.517539978027344
1774600917.4108813,402,36.96776580810547
1774600917.4321797,403,38.39601135253906
1774600917.4523323,404,39.736366271972656
1774600917.4726362,405,41.186580657958984
1774600917.492865,406,42.54890441894531
1774600917.5125992,407,43.88925552368164
1774600917.5339367,408,45.163692474365234
1774600917.5529583,409,46.39418411254883
1774600917.5748067,410,47.58072280883789
1774600917.595422,411,48.72332000732422
1774600917.6174347,412,49.71210479736328
1774600917.6354067,413,50.48115158081055
1774600917.6555793,414,51.14034652709961
1774600917.6781683,415,51.711647033691406
1774600917.6952205,416,52.06321716308594
1774600917.7177775,417,52.54662322998047
1774600917.7382233,418,52.942138671875
1774600917.7583277,419,53.315673828125
1774600917.7777996,420,53.62329864501953
1774600917.7999392,421,53.88697052001953
1774600917.819048,422,54.12867736816406
1774600917.8403797,423,54.30445861816406
1774600917.8612158,424,54.37037658691406
1774600917.8817492,425,54.37037658691406
1774600917.9019253,426,54.37037658691406
1774600917.92029,427,54.37037658691406
1774600917.9411247,428,54.34840393066406
1774600917.9601524,429,54.28248596191406
1774600917.9858685,430,54.040794372558594
1774600918.0014813,431,53.60132598876953
1774600918.020823,432,53.052001953125
1774600918.0416424,433,52.21702575683594
1774600918.0628688,434,51.09640121459961
1774600918.0831304,435,49.95381164550781
1774600918.1063702,436,48.63542938232422
1774600918.12376,437,47.22915267944336
1774600918.1454887,438,45.6910514831543
1774600918.1646154,439,44.17490768432617
1774600918.184475,440,42.48299789428711
1774600918.2035038,441,40.922908782958984
1774600918.225802,442,39.472686767578125
1774600918.2474723,443,38.02246856689453
1774600918.2639852,444,36.66014099121094
1774600918.2860963,445,35.275848388671875
1774600918.3069265,446,34.06732177734375
1774600918.327681,447,32.66105651855469
1774600918.3473861,448,31.16689109802246
1774600918.3676395,449,29.562854766845703
1774600918.38953,450,27.60727310180664
1774600918.4092228,451,25.78350257873535
1774600918.4293292,452,23.89383316040039
1774600918.4501703,453,21.80638885498047
1774600918.4702175,454,19.916719436645508
1774600918.4910421,455,18.18084716796875
1774600918.510547,456,16.203275680541992
1774600918.534998,457,14.643195152282715
1774600918.5519292,458,13.280874252319336
1774600918.5731978,459,12.248143196105957
1774600918.5927684,460,11.369217872619629
1774600918.6128151,461,10.819893836975098
1774600918.6332567,462,10.446351051330566
1774600918.6527884,463,10.22662353515625
1774600918.675584,464,10.050843238830566
1774600918.6946678,465,9.897026062011719
1774600918.7158237,466,9.699272155761719
1774600918.7361639,467,9.545459747314453
1774600918.757601,468,9.259807586669922
1774600918.7760906,469,8.974163055419922
1774600918.7977378,470,8.622589111328125
1774600918.8177364,471,8.117213249206543
1774600918.8371315,472,7.567885398864746
1774600918.8597786,473,7.304213523864746
1774600918.877611,474,6.8647565841674805
1774600918.901226,475,6.469237327575684
1774600918.920303,476,6.183592796325684
1774600918.9402096,477,6.029776573181152
1774600918.960364,478,5.919912815093994
1774600918.9824312,479,5.853994846343994
1774600919.0011187,480,5.744131565093994
1774600919.0219707,481,5.414534091949463
1774600919.0406034,482,4.997049808502197
1774600919.061143,483,4.557584762573242
1774600919.081651,484,4.140100479125977
1774600919.1038733,485,3.678666830062866
1774600919.1250978,486,3.2392094135284424
1774600919.1445866,487,2.975529909133911
1774600919.1635618,488,2.777776002883911
1774600919.1841016,489,2.5141003131866455
1774600919.203074,490,2.470150947570801
1774600919.222573,491,2.44817852973938
1774600919.2451186,492,2.4921274185180664
1774600919.2669113,493,2.4921274185180664
1774600919.286862,494,2.4921274185180664
1774600919.309019,495,2.4921274185180664
1774600919.325692,496,2.5580453872680664
1774600919.3490214,497,2.5580453872680664
1774600973.0356262,498,6.029776573181152
