Iteration,MeanEpisodeLength,MeanReward
0,11.83,-0.19
1,30.04,-0.46
2,27.46,-0.51
3,30.24,-0.37
4,29.77,-0.38
5,31.57,-0.32
6,32.64,-0.23
7,30.71,-0.28
8,32.83,-0.36
9,30.36,-0.46
10,31.54,-0.2
11,33.1,-0.21
12,31.73,-0.32
13,30.72,-0.17
14,28.08,-0.09
15,30.16,-0.22
16,32.53,-0.34
17,32.17,-0.21
18,32.24,-0.17
19,33,-0.37
20,29.53,-0.16
21,30.13,-0.29
22,33.59,-0.18
23,29,-0.26
24,32.08,-0.12
25,33.01,-0.15
26,30.19,-0.12
27,35.02,-0.35
28,33.28,-0.3
29,34.85,-0.3
30,30.65,-0.13
31,33.29,-0.09
32,32.03,-0.13
33,27.87,-0.23
34,33.67,-0.15
35,30.83,-0.14
36,32.38,-0.05
37,33.69,-0.13
38,36.07,-0.11
39,34.57,-0.22
40,29.02,-0.06
41,30.66,-0.07
42,36.83,-0.08
43,27.01,-0.2
44,29.49,-0.01
45,33.14,-0.03
46,32.76,-0.17
47,32.89,-0.02
48,33.52,-0
49,31.9,0.07
50,30.27,0.04
51,30.33,-0.02
52,29.29,0.06
53,35.69,0.08
54,32.88,0.02
55,33.14,-0.02
56,28.79,-0.14
57,32.55,0.03
58,31.02,0.05
59,33.25,0.03
60,31.18,0.08
61,32.3,0.04
62,32.74,0.13
63,31.77,-0
64,33.89,0.19
65,31.17,0.21
66,31.73,0.12
67,33.59,0.2
68,32.78,0.22
69,28.98,0.11
70,30.13,0.11
71,28.38,0.12
72,29.94,0.2
73,35.33,0.27
74,31.55,0.27
75,33.29,0.24
76,30.53,0.2
77,34.65,0.21
78,29.12,0.16
79,32.18,0.35
80,30.27,0.24
81,30.83,0.33
82,33.14,0.38
83,30.8,0.2
84,35.55,0.32
85,31.58,0.32
86,32.05,0.42
87,33.85,0.42
88,34.12,0.42
89,34.24,0.4
90,32.69,0.35
91,34.57,0.49
92,32.51,0.34
93,28.09,0.29
94,34.78,0.46
95,33.42,0.42
96,30.54,0.22
97,30.16,0.38
98,30.37,0.56
99,32.83,0.42
100,39.26,0.53
101,35.15,0.57
102,32.97,0.49
103,32.48,0.6
104,31.18,0.26
105,38.35,0.56
106,33.48,0.42
107,31.48,0.45
108,32.96,0.43
109,34.61,0.49
110,29.75,0.44
111,32.31,0.53
112,33.12,0.47
113,37.77,0.6
114,33.19,0.53
115,32.01,0.56
116,33.42,0.58
117,34.25,0.61
118,35.19,0.66
119,35.75,0.64
120,32.83,0.53
121,30.86,0.47
122,33,0.64
123,28.83,0.49
124,32.42,0.71
125,32.6,0.54
126,35.27,0.67
127,32.51,0.67
128,32.92,0.61
129,32.33,0.61
130,35.04,0.77
131,34.19,0.74
132,37.14,0.8
133,37.52,0.81
134,35.22,0.82
135,33.1,0.71
136,32.22,0.69
137,34.92,0.67
138,32.4,0.77
139,32.98,0.7
140,36.18,0.85
141,36.17,0.77
142,36.13,0.87
143,33.97,0.79
144,27.76,0.56
145,32.56,0.67
146,33.63,0.84
147,32.97,0.75
148,37.71,1
149,33.42,0.85
150,36.32,0.78
151,34.35,0.8
152,36.08,0.87
153,36.16,0.92
154,33.08,0.81
155,37.83,1.03
156,36.38,0.98
157,36.22,0.96
158,38.41,1.04
159,38.28,0.99
160,34.78,0.89
161,38.96,1.09
162,36.19,0.94
163,41.05,1.11
164,39.75,1.1
165,35.86,0.95
166,40.93,1.13
167,36.98,1.03
168,36.76,1.08
169,35.81,1.05
170,33.79,0.9
171,35.52,1.07
172,40.53,1.26
173,38.33,1.14
174,36.03,0.97
175,40.03,1.16
176,34.37,1.08
177,39.57,1.26
178,37.39,1.09
179,40.8,1.31
180,35.28,1.06
181,39.22,1.19
182,39.91,1.35
183,39.87,1.28
184,38.78,1.11
185,35.92,1.06
186,40.96,1.26
187,38.75,1.16
188,41.6,1.36
189,40.41,1.31
190,38.04,1.21
191,40.58,1.31
192,39.83,1.25
193,35.38,1.13
194,41.56,1.36
195,38.08,1.26
196,36.86,1.19
197,44.04,1.57
198,44.49,1.55
199,39.43,1.33
200,42.93,1.48
201,45.41,1.6
202,44.67,1.54
203,39.22,1.35
204,37.07,1.29
205,36.4,1.23
206,37.98,1.19
207,37.23,1.24
208,36.59,1.28
209,38.34,1.34
210,40.09,1.37
211,41.36,1.44
212,38.5,1.38
213,40.83,1.52
214,38.77,1.29
215,44.93,1.61
216,47.75,1.79
217,36.43,1.26
218,45.12,1.72
219,41.34,1.5
220,37.78,1.37
221,39.19,1.36
222,42.25,1.48
223,47.57,1.76
224,45.48,1.68
225,41.39,1.41
226,46.61,1.81
227,35.2,1.18
228,41.93,1.53
229,37.5,1.38
230,47.32,1.82
231,49.32,2
232,41.86,1.63
233,37.04,1.41
234,44.89,1.79
235,45.08,1.68
236,45.09,1.77
237,40.82,1.61
238,45.64,1.69
239,44.81,1.7
240,46.7,1.83
241,43.83,1.8
242,43.19,1.68
243,38.63,1.53
244,39.74,1.42
245,48.95,1.97
246,42.97,1.66
247,44.55,1.82
248,41.57,1.6
249,43.78,1.81
250,49.04,2.01
251,43.02,1.73
252,47.28,1.86
253,45.5,1.76
254,48.91,2.08
255,41.58,1.68
256,46.25,1.95
257,48.79,1.96
258,46.12,1.93
259,47.6,1.99
260,46.84,1.81
261,49.14,2.01
262,47.07,1.97
263,47.98,2
264,47.61,2
265,41.7,1.71
266,42.17,1.82
267,47.06,2.06
268,44.82,1.86
269,50.57,2.14
270,53.16,2.34
271,44.05,1.89
272,49.51,2.07
273,43.75,1.9
274,45.94,1.9
275,49.91,2.11
276,46.83,2.03
277,49.63,2.18
278,50.21,2.26
279,53.47,2.33
280,51.77,2.34
281,41.97,1.77
282,48.01,2.13
283,55.24,2.44
284,46.44,2.04
285,52.11,2.36
286,48.14,2.03
287,49.74,2.13
288,49.55,2.29
289,45.6,2.03
290,47.87,2.06
291,60.92,2.77
292,55.42,2.49
293,48.02,2.06
294,47.37,2.1
295,45.36,2.08
296,51.52,2.3
297,52.39,2.26
298,53.49,2.45
299,53.19,2.45
300,50.74,2.28
301,55.94,2.59
302,50.1,2.24
303,52.24,2.49
304,46.4,2.12
305,52.01,2.37
306,50.98,2.36
307,49.38,2.15
308,49.54,2.25
309,56.24,2.65
310,46.09,2.04
311,56.42,2.63
312,54.08,2.52
313,48.65,2.26
314,49.57,2.36
315,53.53,2.44
316,51.29,2.38
317,55.44,2.62
318,44.49,1.98
319,45.7,2.06
320,58.19,2.73
321,52.76,2.48
322,54.41,2.64
323,51.12,2.42
324,49.18,2.23
325,53.82,2.61
326,59.56,2.85
327,47.63,2.18
328,56.87,2.75
329,57.88,2.67
330,56.24,2.69
331,59.26,2.8
332,52.44,2.53
333,51.34,2.38
334,51.16,2.32
335,54.42,2.6
336,55.02,2.67
337,51.85,2.47
338,52.46,2.46
339,58.99,2.83
340,51.6,2.44
341,52.12,2.48
342,47.27,2.24
343,59.57,2.8
344,56.01,2.67
345,48,2.1
346,59.12,2.79
347,54.34,2.64
348,52.07,2.42
349,56.56,2.75
350,57.92,2.88
351,62.59,3.03
352,63.16,3.12
353,56.66,2.73
354,59.29,2.9
355,61.4,2.97
356,70.84,3.51
357,55.97,2.75
358,56.12,2.76
359,52.07,2.59
360,59.59,2.93
361,61.81,3.12
362,65.77,3.29
363,58.53,2.88
364,59.73,2.84
365,63.82,2.99
366,68.75,3.28
367,60.87,2.85
368,64.47,3.17
369,54.55,2.57
370,55.36,2.58
371,66.17,3.13
372,67.39,3.26
373,62.1,2.94
374,56.43,2.63
375,67.12,3.1
376,69.88,3.35
377,60.51,2.83
378,70.31,3.37
379,67.27,3.23
380,57.17,2.7
381,59,2.74
382,60.71,2.86
383,61.8,2.9
384,72.07,3.52
385,60.82,2.81
386,66.04,3.09
387,70.59,3.37
388,63.46,2.97
389,69.4,3.31
390,73,3.5
391,60.69,2.77
392,65.27,3.08
393,75.81,3.64
394,69.28,3.21
395,77.35,3.64
396,69.65,3.25
397,71.29,3.38
398,79.04,3.73
399,72.25,3.29
400,84.54,3.97
401,76.05,3.52
402,81.1,3.87
403,81.37,3.88
404,69.3,3.16
405,71.41,3.13
406,81.27,3.79
407,68.02,3.04
408,75.89,3.38
409,73.74,3.26
410,74.35,3.23
411,84.97,3.75
412,80.16,3.65
413,76.23,3.25
414,82.97,3.69
415,76.45,3.5
416,81.86,3.64
417,86.5,3.69
418,91.1,4.01
419,81.23,3.52
420,87.3,3.94
421,85.26,3.83
422,89.32,3.97
423,84.45,3.74
424,86.34,3.88
425,79.01,3.43
426,77.99,3.3
427,88.62,3.93
428,85.3,3.8
429,102.3,4.62
430,98.83,4.43
431,83.87,3.72
432,99.43,4.66
433,97.83,4.32
434,85.2,3.85
435,92.09,4.11
436,87.37,4.01
437,101.5,4.65
438,90.4,3.96
439,97.87,4.45
440,103.6,4.69
441,87.43,3.63
442,95,4.18
443,83.57,3.8
444,86.74,3.74
445,115.69,5.51
446,98.64,4.34
447,99.23,4.46
448,103.08,4.62
449,103.96,4.72
450,92.63,4.12
451,96.91,4.28
452,115.97,5.21
453,113.68,5.22
454,132.49,6.36
455,108.55,4.89
456,101.46,4.67
457,113,5.17
458,118.39,5.36
459,123.36,5.87
460,137.01,6.63
461,137,6.61
462,116.76,5.46
463,114.45,5.36
464,123.9,5.68
465,134.27,6.55
466,135.71,6.37
467,112.33,5.14
468,127.81,5.89
469,109.91,4.84
470,120.54,5.58
471,130.05,6.15
472,136.42,6.47
473,113.72,5.54
474,127.33,5.74
475,135.31,6.44
476,123.7,5.8
477,124.64,5.81
478,122.33,5.59
479,127.21,6.12
480,139.06,6.61
481,136.62,6.4
482,118.26,5.67
483,128.68,6.16
484,128.37,6.11
485,131.98,5.87
486,127.38,5.96
487,118.83,5.56
488,132.55,6.21
489,152.75,7.44
490,144.25,7.07
491,151.4,7.12
492,132.45,6.28
493,108.54,4.83
494,141.41,6.73
495,147.1,6.92
496,145.87,7.04
497,147.68,6.99
498,150.85,7.25
499,129.2,6.08
500,160.87,7.67
501,116.22,5.33
502,147.99,7.11
503,124.04,5.61
504,150.45,7.26
505,118.5,5.46
506,115.02,5.51
507,142.42,6.53
508,124.21,5.88
509,161.52,8.05
510,159.49,7.35
511,118.17,5.42
512,160.75,7.81
513,118.98,5.49
514,135.15,6.48
515,139.83,6.65
516,126.49,5.85
517,168.97,8.48
518,142.86,6.7
519,105.67,4.63
520,171.53,8.22
521,161.03,7.6
522,129.44,5.96
523,156.45,7.6
524,148.29,7.29
525,142.77,6.94
526,165.95,7.94
527,141.11,6.76
528,123.79,5.84
529,156.49,7.46
530,149.91,6.96
531,121.96,5.41
532,130.95,6.24
533,149.08,7.05
534,162.7,7.56
535,139.19,6.63
536,136.1,6.51
537,135.09,6.4
538,143.57,7.06
539,142.07,6.64
540,146.27,7.01
541,138.07,6.38
542,133.39,6.34
543,161.37,7.84
544,159.17,7.23
545,142.06,6.73
546,129.83,5.79
547,151.97,7.25
548,156.09,7.43
549,166.77,8.23
550,123.71,5.71
551,171.5,8.25
552,143.69,6.59
553,157.33,7.59
554,161.23,7.68
555,161.48,8.06
556,121.18,5.53
557,133.44,6.36
558,152.25,7.16
559,142.17,6.72
560,155.41,7.46
561,144.22,6.9
562,151.73,7.01
563,125.44,5.76
564,151.08,7.14
565,149.53,7.07
566,154.9,7.49
567,148.63,6.98
568,138.97,6.31
569,164.17,7.79
570,165.53,7.63
571,126.05,6
572,141.55,6.54
573,164.12,7.94
574,149.12,6.9
575,137.55,6.51
576,161.39,7.76
577,154.99,7.31
578,148.69,6.74
579,164.54,7.71
580,134.81,6.11
581,168.68,8.16
582,145.04,6.94
583,166.1,8.16
584,132.17,6.14
585,135.09,6.13
586,158.95,7.46
587,166.05,7.86
588,136.86,6.29
589,151.87,7.17
590,156.38,7.32
591,156.63,7.3
592,157.27,7.6
593,127.94,5.74
594,120.41,5.48
595,163.64,7.66
596,179.47,8.92
597,164,8.04
598,153.87,7.33
599,147.92,7.11
600,154.53,7.53
601,149.29,7.14
602,140.35,6.53
603,166.87,7.87
604,147.31,7.23
605,157.19,7.64
606,143.46,6.89
607,162.98,8.02
608,167.78,7.78
609,123.36,5.65
610,139.56,6.47
611,168.04,8.22
612,146.11,7.01
613,152.79,7.41
614,161.46,7.9
615,160.57,7.85
616,160.21,7.88
617,132.08,6.14
618,136.99,6.57
619,158,7.42
620,134.19,6.3
621,143.59,6.64
622,143.48,6.66
623,137.39,6.12
624,147.95,7.37
625,151.9,7.25
626,175.84,8.85
627,140.68,6.61
628,179.34,8.57
629,168.92,8.35
630,154.13,7.4
631,135.62,6.45
632,148.9,7.46
633,185.93,9.67
634,147.8,7.25
635,166.3,8.09
636,162.86,7.59
637,138.15,6.68
638,149.78,7.3
639,147.06,7.09
640,181.15,8.8
641,161.89,7.65
642,184.26,9.34
643,149.9,7.24
644,147.41,6.87
645,124.03,5.69
646,166.67,8.41
647,132.54,6.3
648,166.07,8.06
649,171.62,8.4
650,127.91,6.08
651,172.85,8.52
652,170.17,8.32
653,161.08,7.49
654,179.49,9.06
655,161.21,7.64
656,167.24,7.93
657,163.56,8.06
658,159.38,7.76
659,172.01,8.46
660,164.22,7.84
661,152.84,7.59
662,147.18,7.33
663,180.9,9.21
664,190.16,9.22
665,177.31,8.97
666,155.98,7.22
667,173.21,8.52
668,125.66,5.95
669,155.47,7.38
670,170.21,8.13
671,156.03,7.64
672,172.71,8.24
673,170.81,8.35
674,154.2,7.27
675,182.15,9.09
676,163.89,7.93
677,151.84,7.45
678,137.87,6.41
679,179.36,8.88
680,160.86,8.02
681,172.66,8.58
682,181.11,9.03
683,149.77,7.29
684,171.95,8.22
685,176.31,8.6
686,174.05,8.54
687,180.71,8.64
688,152.75,7.56
689,132.98,6.46
690,184.01,9.08
691,149.92,7.18
692,194.2,9.46
693,187.65,9.42
694,163.74,7.54
695,164.91,7.97
696,185.74,9.01
697,165.7,7.96
698,190.05,9.51
699,168.45,8.1
700,165.95,8.02
701,156.83,7.63
702,171.88,8.34
703,181,8.86
704,177.78,8.71
705,175.93,8.4
706,145.11,7
707,180.35,9.12
708,182.19,9.08
709,189.37,9.08
710,179.95,8.71
711,171.28,8.47
712,199.79,9.81
713,177.89,8.66
714,189.72,9.4
715,154.86,7.34
716,180.38,9.25
717,209.54,10.32
718,178.53,8.8
719,176.96,8.26
720,172.22,8.37
721,199.67,9.45
722,181.14,8.48
723,198.19,9.72
724,211.15,10.15
725,154.86,7.95
726,177.5,8.56
727,191.69,9.19
728,163.08,7.81
729,167.27,7.98
730,190.7,9.32
731,151.87,7.11
732,170.9,8.05
733,155.73,7.08
734,196.35,9.76
735,189.24,8.92
736,190.66,9.24
737,167.13,7.77
738,172.08,8.18
739,145.3,6.62
740,192.46,9.55
741,157.1,7.52
742,165.66,7.62
743,203.57,9.85
744,194.67,9.25
745,210.25,10.04
746,212.98,10.12
747,181.9,8.61
748,171.62,8.41
749,203.97,9.38
750,191.85,9.44
751,194.45,8.96
752,203.45,9.85
753,182.31,8.64
754,156.36,7.48
755,174.98,8.42
756,193.5,9.24
757,169.45,8.2
758,206.5,9.92
759,167.35,8.07
760,158.09,7.42
761,204.71,10.3
762,194.12,9.27
763,165.98,7.91
764,194.67,9.55
765,188.97,8.72
766,211.75,10.2
767,203.46,10.27
768,201.07,9.81
769,183.99,8.88
770,186.06,8.86
771,183.21,8.81
772,205.03,10.16
773,182.69,8.85
774,200.22,9.79
775,212.01,10.3
776,201.35,9.89
777,190.3,9.24
778,195.38,9.77
779,195.04,9.38
780,218.4,10.93
781,190.15,8.76
782,193.43,9.33
783,176.21,8.49
784,218.04,10.67
785,195.17,9.44
786,237.08,11.82
787,181.87,8.8
788,207.28,10.34
789,204.28,9.71
790,178.46,8.62
791,224.37,11
792,188.57,8.91
793,175.85,8.68
794,183.06,9.04
795,188.07,9.02
796,204,10.46
797,201.69,9.86
798,194.32,9.65
799,219.18,10.91
800,208.89,10.67
801,196.6,9.42
802,205.68,10.56
803,198.05,9.73
804,182.19,8.56
805,221.2,11.04
806,177.12,8.64
807,183.71,8.64
808,201.18,9.94
809,190.23,9.35
810,192.57,9.67
811,200.18,9.85
812,176.25,8.49
813,199.82,9.83
814,224.82,10.9
815,193.5,9.51
816,202,10.15
817,202.75,10.11
818,198.49,9.83
819,205.76,9.94
820,191.31,9.54
821,226.59,10.8
822,248.42,12.14
823,249.32,12.52
824,195.36,9.63
825,231.77,10.95
826,220.35,10.7
827,246.82,12.18
828,197.19,9.68
829,230.48,11.39
830,224.76,11.2
831,257.13,12.76
832,231.7,11.46
833,218.5,10.69
834,238.73,11.82
835,223.09,11.27
836,243.98,11.9
837,248.13,12.6
838,272.59,13.68
839,241.65,12.17
840,231.47,11.21
841,261.2,13.07
842,254.9,12.65
843,226.6,11.03
844,222.01,11.28
845,262.85,12.96
846,248.23,12.27
847,266.74,13.55
848,273.38,13.81
849,263.42,12.84
850,258.88,12.69
851,270.94,13.6
852,258.82,12.61
853,265.55,12.81
854,288.32,13.76
855,255.41,12.43
856,242.88,11.81
857,227.05,10.76
858,241.12,11.66
859,255.39,12.71
860,275.34,13.61
861,254.74,12.92
862,255.62,12.51
863,236.65,11.9
864,299.3,14.76
865,261.19,13.23
866,255.39,12.25
867,253.12,12.94
868,268.08,13.58
869,236.02,11.6
870,248.67,12.28
871,261.39,13.11
872,252.56,12.84
873,269.1,13.49
874,288.88,14.85
875,255.64,12.44
876,258.18,12.93
877,267.97,13.29
878,288.99,14.26
879,290.02,15.07
880,284.47,13.96
881,252.86,12.55
882,277.07,13.38
883,282.5,14.34
884,272.72,13.45
885,270.57,13.39
886,277.07,13.8
887,278.71,14.1
888,248.62,12.49
889,265,13.34
890,241.95,12.24
891,238.6,12.02
892,246.66,12.42
893,276.52,14.43
894,256.79,12.4
895,258.11,12.19
896,256.82,12.95
897,260.83,12.61
898,289.81,14.71
899,248.57,12.37
900,250.1,12.67
901,262.41,12.6
902,247.22,11.88
903,249.64,12.48
904,271.22,13.24
905,270.55,13.57
906,279.27,14.14
907,267.87,13.56
908,278.12,13.64
909,270.58,13.21
910,285.57,14.02
911,274.15,13.31
912,263.54,12.6
913,285.12,14.36
914,272.51,13.25
915,326.2,16.16
916,307.42,15.55
917,273.93,13.51
918,277.58,13.55
919,292.02,14.44
920,286.58,14.53
921,295.97,15.05
922,274.83,13.53
923,287.59,14.33
924,269.4,13.51
925,287.97,14.27
926,291.27,14.53
927,306.44,15.23
928,258.14,13.01
929,297.84,14.87
930,277.86,13.62
931,286.8,14.27
932,288.6,13.84
933,290.07,14.54
934,303.15,15.3
935,281.6,13.92
936,288.61,14.47
937,325.82,16.58
938,294.07,14.8
939,256.53,12.57
940,273.19,13.73
941,298.49,14.66
942,296.67,14.94
943,287.2,14.36
944,297.07,14.75
945,289.65,14.08
946,277.34,13.45
947,310.37,15.42
948,296.61,14.77
949,312.34,15.16
950,274.07,13.73
951,273.23,13.47
952,298.6,14.57
953,307.26,14.92
954,298.09,14.66
955,309.67,15.51
956,284.39,14.12
957,295.4,15.16
958,310.58,15.56
959,298.45,14.59
960,305.42,14.94
961,283.54,13.85
962,317.22,16.21
963,318.44,15.55
964,289.34,14.05
965,310.27,15.3
966,294.85,14.85
967,273.83,13.75
968,316.44,16.04
969,305.05,15.79
970,278.94,13.55
971,308.23,15.4
972,321.72,16.3
973,281.93,14.23
974,302.27,15.02
975,322.39,16.29
976,315.53,16
977,304.51,15.17
978,283.35,14.28
979,311.68,15.75
980,312.07,15.83
981,312.74,15.92
982,303.47,15.59
983,300.05,15.23
984,314.6,16.05
985,320.8,16.21
986,289,14.6
987,311.46,15.95
988,295.93,14.54
989,305.45,14.86
990,321.7,16.4
991,317.64,15.82
992,326.2,16.29
993,317.18,16.22
994,281.22,13.77
995,319.8,16.02
996,312.65,15.91
997,323.9,16.25
998,324.51,16.29
999,318.22,15.9
1000,296.65,14.86
1001,303.67,15.48
1002,325.61,15.87
1003,304.23,15.61
1004,301.68,15.15
1005,299.02,15.12
1006,309.24,15.02
1007,339.88,16.5
1008,311.31,15.91
1009,312.18,15.6
1010,318.37,16.1
1011,339.62,17.01
1012,307.85,14.7
1013,290.45,14.31
1014,337.85,17.18
1015,302.5,15.05
1016,310.91,16.21
1017,321.51,16.28
1018,316.74,15.49
1019,310.2,15.99
1020,303.51,15.19
1021,287.82,14.46
1022,285.15,13.91
1023,287.27,13.67
1024,303.42,14.87
1025,310.22,15.51
1026,316.5,15.76
1027,327.89,16.02
1028,343.04,17.26
1029,315.95,15.88
1030,340.87,17.69
1031,309.65,15.61
1032,308.92,14.86
1033,327.5,15.96
1034,328.54,16.45
1035,344.05,16.94
1036,320.12,16.26
1037,333.31,16.83
1038,323.63,16.06
1039,309.45,15.62
1040,343.12,17.66
1041,340.23,17.37
1042,330.95,16.32
1043,333.8,16.37
1044,325.1,16.87
1045,339.73,17.41
1046,318.45,16.3
1047,351.8,17.48
1048,352.65,17.86
1049,326.47,16.58
1050,338.02,16.99
1051,329.85,16.56
1052,320.68,16.04
1053,346.32,17.92
1054,307.21,15.22
1055,308.47,15.44
1056,336.54,17.05
1057,314.31,15.79
1058,352.61,17.4
1059,323.11,16.1
1060,323.53,16.4
1061,330.3,16.85
1062,330.71,16.79
1063,338.05,17.14
1064,320.26,16.37
1065,343.39,17.14
1066,289.68,14.47
1067,344.05,17.44
1068,326.14,16.68
1069,326.14,16.38
1070,311.09,15.64
1071,326.79,16.11
1072,320.58,16.32
1073,348.14,17.37
1074,320.97,16.06
1075,335.25,17.66
1076,350.51,18.04
1077,333.37,16.88
1078,324.89,16.48
1079,347.71,17.14
1080,344.35,17.14
1081,331.89,16.77
1082,333.73,16.67
1083,337.21,17.51
1084,328.97,16.69
1085,314.15,16.16
1086,335.12,16.52
1087,306.37,15.3
1088,346.08,18.15
1089,334.92,16.92
1090,351.38,18.36
1091,332.22,16.98
1092,333.39,16.89
1093,323.98,16.34
1094,366.84,18.97
1095,343.73,17.9
1096,333.12,16.82
1097,332.94,16.58
1098,338.46,17.51
1099,340.48,17.12
1100,321.85,16.09
1101,328.04,16.49
1102,348.1,17.36
1103,332.72,17.13
1104,350.68,18.19
1105,335.51,17.51
1106,348.92,17.52
1107,301.99,15.07
1108,350.08,18.39
1109,321.89,16.69
1110,338.22,17.54
1111,344.27,17.73
1112,319.17,16.7
1113,329.84,16.92
1114,362.05,18.62
1115,327.99,17
1116,339.66,17.72
1117,340.84,17.27
1118,309.22,16.41
1119,347.39,18.26
1120,353.98,18.83
1121,334.04,17.03
1122,340,17.89
1123,328.08,16.68
1124,305.16,16.4
1125,340.16,17.41
1126,354.62,18.3
1127,344.34,17.54
1128,337.33,17.76
1129,347.08,17.85
1130,315.99,16.55
1131,344.51,17.89
1132,332.92,16.79
1133,343.05,18.1
1134,351.48,18.43
1135,366.48,18.87
1136,352.06,19
1137,351.69,18.68
1138,329.61,17.32
1139,337.01,17.45
1140,332.02,17.54
1141,343.13,17.69
1142,369.55,19.52
1143,345.35,18.52
1144,339.3,18.05
1145,349.08,18.2
1146,332.43,16.92
1147,338.44,17.76
1148,335.82,17.19
1149,322.81,16.85
1150,352.81,18.34
1151,327.49,16.89
1152,350.78,18.25
1153,331.63,17.21
1154,318.93,16.89
1155,347.91,17.82
1156,358.94,18.64
1157,348.06,18.01
1158,336.27,17.11
1159,348.33,18.17
1160,339.15,17.7
1161,352.64,18.93
1162,360.15,18.54
1163,351.25,18.44
1164,327.55,17.3
1165,357.49,18.73
1166,354.42,18.31
1167,309.78,16.53
1168,354.21,18.65
1169,362.6,19.15
1170,343.79,18.71
1171,374.91,19.8
1172,347.41,18.49
1173,358.56,18.62
1174,357.54,18.69
1175,334.28,17.2
1176,314.85,16.64
1177,347.08,18.36
1178,352.52,18.26
1179,341.13,18.26
1180,339.19,18.23
1181,363.55,19.16
1182,334.94,17.64
1183,337.36,17.63
1184,339.57,17.93
1185,318.17,16.66
1186,358.08,19.05
1187,350.7,18.69
1188,333.83,17.25
1189,345.68,18.46
1190,322.58,17.28
1191,346.95,18.66
1192,313.47,15.91
1193,364.09,19.01
1194,332.74,17.74
1195,320.31,16.75
1196,332.39,17.54
1197,331.73,17.81
1198,356.03,18.43
1199,321.23,16.77
1200,349.26,18.21
1201,356.38,18.18
1202,351.58,18.51
1203,373.15,19.61
1204,383.98,19.79
1205,347.91,18.52
1206,339.04,17.4
1207,338.92,17.7
1208,330.24,17.44
1209,373.86,19.7
1210,321.43,16.57
1211,342.84,18.02
1212,364.37,19.16
1213,329.46,17.34
1214,344.69,18.07
1215,349.44,18.52
1216,331.03,16.98
1217,340.77,17.48
1218,341.36,17.29
1219,325.94,16.68
1220,342.38,17.97
1221,352.26,18.23
1222,331.86,16.96
1223,330.03,17.1
1224,356.24,18.63
1225,369.54,19.13
1226,358.86,18.33
1227,353.76,18.57
1228,317.01,16.57
1229,327.38,17.04
1230,332.56,17
1231,306.36,15.7
1232,343.97,17.46
1233,351.55,17.68
1234,345.16,17.35
1235,337.01,17.04
1236,382.38,20.06
1237,368.26,18.84
1238,338.13,17.69
1239,337.13,17.63
1240,323.21,16.96
1241,367.33,19.05
1242,345.91,18.48
1243,350.85,18.04
1244,346.55,18.65
1245,322.82,16.45
1246,348.42,17.99
1247,322.67,17.06
1248,338.18,18.19
1249,350.62,17.96
1250,343.56,17.98
1251,348.92,17.96
1252,332.89,17.18
1253,327.15,16.95
1254,322.75,16.86
1255,337.2,17.66
1256,347.2,18.25
1257,345.4,18.22
1258,338.52,17.76
1259,316.63,16.4
1260,344.79,18.28
1261,363.25,19.06
1262,337.73,17.68
1263,377.18,19.41
1264,359.87,18.66
1265,365.62,19.27
1266,359.82,19.18
1267,322.62,16.81
1268,354.98,18.31
1269,343.86,17.71
1270,337.6,17.92
1271,354.98,18.53
1272,342.3,17.91
1273,330.57,17.5
1274,367.1,19.53
1275,337,17.8
1276,351.91,18.67
1277,339.73,18.31
1278,343.74,18.23
1279,348.56,18.65
1280,352.01,18.57
1281,332.46,17.61
1282,316.27,16.55
1283,341.26,17.83
1284,358.07,18.79
1285,348.81,18.49
1286,358.78,19.19
1287,328.76,17.42
1288,351.93,18.36
1289,341.78,17.48
1290,341,17.98
1291,347.11,18.68
1292,353.97,18.46
1293,359.23,18.81
1294,337.21,18.12
1295,344.06,18.05
1296,354.85,18.49
1297,340.85,17.97
1298,358.73,18.87
1299,369.58,20.07
1300,351.42,18.72
1301,333,17.67
1302,361.3,18.94
1303,347.44,18.15
1304,348.89,18.65
1305,355.59,18.92
1306,353.99,19.25
1307,356.44,18.62
1308,361.98,19.2
1309,336.65,18.14
1310,371,19.83
1311,354.53,18.68
1312,328.15,16.91
1313,337.09,17.59
1314,355.65,18.98
1315,336.43,17.92
1316,344.91,18.25
1317,376.56,19.99
1318,371.75,19.53
1319,358.29,19.36
1320,343.27,18.03
1321,364.62,18.97
1322,358.52,19.11
1323,340.19,18.21
1324,348.88,19.13
1325,344.51,18.04
1326,369.42,19.93
1327,347.74,18.3
1328,367.43,19.58
1329,363.48,19.39
1330,357.87,18.85
1331,335.4,17.43
1332,375.66,20.04
1333,333.06,17.87
1334,337.53,18.25
1335,374.32,20.33
1336,367.32,19.65
1337,352.22,18.55
1338,353.21,18.8
1339,351.35,18.43
1340,352.6,18.7
1341,344.33,18.17
1342,348.42,18.91
1343,359.58,19
1344,386.21,20.71
1345,369.8,19.97
1346,357.44,19.19
1347,354.48,18.79
1348,355.43,19.23
1349,340.6,18.33
1350,353.33,18.87
1351,376.78,20.04
1352,365.71,19.24
1353,358.12,18.77
1354,355.27,18.39
1355,357.65,18.73
1356,339.79,17.73
1357,380.91,20.38
1358,340.35,18.64
1359,353.93,19.1
1360,346.55,18.68
1361,349.67,19.24
1362,376.64,19.94
1363,357.25,19.18
1364,373.18,19.41
1365,365.83,18.98
1366,356.23,18.94
1367,359.24,18.65
1368,358.4,19.52
1369,356.09,18.81
1370,362.73,18.89
1371,356.48,18.66
1372,357.23,18.68
1373,350.19,18.37
1374,365.44,19.6
1375,349.33,18.36
1376,366.13,19.94
1377,340.95,18.14
1378,330.89,17.42
1379,364.32,19.63
1380,367.99,19.41
1381,358.65,19.27
1382,339.26,18.51
1383,354.4,19.64
1384,362.14,18.92
1385,345.82,18.76
1386,335.77,17.52
1387,351.14,18.16
1388,344.43,18.58
1389,370.1,19.9
1390,339.77,18.36
1391,374.84,19.92
1392,354.13,18.28
1393,368.53,19.5
1394,356.88,18.97
1395,367.78,19.09
1396,348.32,18.61
1397,332.06,17.58
1398,333.11,17.58
1399,343.35,17.77
1400,356.55,18.71
1401,338.18,17.66
1402,324.43,17.11
1403,350.22,18.53
1404,345.09,17.81
1405,357.5,18.94
1406,372.24,19.65
1407,374.09,20.28
1408,349.66,18.95
1409,364.02,19.3
1410,365.27,19.02
1411,377.15,20.13
1412,365.75,18.76
1413,390.08,21.09
1414,382.39,20.21
1415,365.31,19.58
1416,376.67,20.19
1417,370,19.99
1418,362.61,19.03
1419,375.01,20.22
1420,386.96,20.73
1421,388.83,20.76
1422,403.11,21.27
1423,374.36,19.68
1424,371.65,19.46
1425,394.3,20.19
1426,380.61,20.4
1427,399.25,20.67
1428,392.8,20.79
1429,399.47,21.04
1430,409.71,21.28
1431,430.61,22.32
1432,388.42,20.15
1433,398.07,20.76
1434,391.12,19.95
1435,400.07,21.37
1436,390.75,20.38
1437,395.15,19.72
1438,400.39,21.41
1439,410.27,21.31
1440,407.37,21.1
1441,425.68,22.52
1442,411.27,21.07
1443,411.87,21.31
1444,408.16,20.97
1445,416.92,21.66
1446,403.93,20.91
1447,379.24,19.59
1448,416.07,21.47
1449,407.49,21.3
1450,422.39,21.96
1451,395.62,20.65
1452,432.89,22.71
1453,405.74,21.14
1454,435.08,22.29
1455,408.16,21.53
1456,422.86,21.56
1457,425.75,21.4
1458,414,21.17
1459,421.93,22
1460,436.81,23.12
1461,425.34,21.74
1462,413.98,21.68
1463,392.9,20.12
1464,419.37,22.22
1465,436.25,23.36
1466,431.75,22.4
1467,419.72,22.19
1468,413.64,21.45
1469,416.53,21.43
1470,389.4,19.88
1471,398.52,20.7
1472,420.42,22.09
1473,391.99,20.28
1474,405.45,21.39
1475,382.02,20.04
1476,432.83,22.36
1477,397.55,20.43
1478,409.86,20.98
1479,410.69,21.79
1480,417.9,21.76
1481,393.72,20.98
1482,428.26,22
1483,425.54,22.44
1484,416.91,21.39
1485,418.65,21.77
1486,425.1,22.26
1487,386.44,20.54
1488,429.93,22.28
1489,407.76,21.41
1490,413.86,21.55
1491,408.09,21.62
1492,428.85,22.38
1493,388.89,19.87
1494,408.35,21.33
1495,426.35,22.53
1496,421.76,22.16
1497,427.04,22.46
1498,406.24,20.58
1499,409.09,21.33
1500,404.78,21.4
1501,431.6,23.46
1502,387.18,20.23
1503,392.39,20.63
1504,414.42,21.42
1505,385.84,19.96
1506,425.68,22.54
1507,406.96,21.29
1508,396.06,20.83
1509,419.48,21.33
1510,398.91,20.66
1511,392.18,20.67
1512,409.07,21.17
1513,428.92,22.81
1514,422.75,21.99
1515,441.12,23.5
1516,398.84,20.67
1517,416.98,21.58
1518,419.16,22.13
1519,429.78,22.16
1520,420.98,22.3
1521,427.28,22.22
1522,436.59,23.06
1523,425.4,22.48
1524,417.2,21.8
1525,414.07,21.39
1526,413.16,21.44
1527,425.48,21.71
1528,424.77,22.5
1529,407.37,20.66
1530,415.77,22.23
1531,404.11,21.05
1532,404.74,20.94
1533,414.41,21.84
1534,401.09,20.81
1535,417.72,21.71
1536,416.59,21.75
1537,396.49,20.84
1538,419.36,21.6
1539,435.88,22.4
1540,409.92,21.61
1541,409.63,21.37
1542,423.17,21.99
1543,455.95,24.07
1544,443.01,23.13
1545,436.29,22.84
1546,421.1,21.75
1547,442,22.92
1548,442.45,22.56
1549,416.6,22.06
1550,424.3,21.71
1551,460.03,23.93
1552,446.12,23.42
1553,454.6,23.82
1554,427.96,22.44
1555,434.71,22.49
1556,430,22.58
1557,452.06,23.79
1558,464.74,24.21
1559,444.04,23.05
1560,439.79,23.01
1561,449.03,23.48
1562,444.03,22.92
1563,454.41,24.21
1564,438.26,23.08
1565,439.18,23.46
1566,465.13,24.62
1567,429.08,22.45
1568,451.31,24.23
1569,430.09,22.77
1570,460.92,24.02
1571,426.01,22.47
1572,452.15,24.54
1573,439.74,23.17
1574,414.96,21.33
1575,434.62,22.55
1576,449.12,23.65
1577,451.85,23.63
1578,438.29,23.29
1579,440.52,23.47
1580,459.5,24.57
1581,438.14,22.37
1582,449.27,23.03
1583,441.25,23.42
1584,441.9,22.59
1585,455.23,24.22
1586,448.75,23.28
1587,454.23,24.02
1588,435.69,22.88
1589,448.2,23.13
1590,473.72,25.29
1591,456.07,23.86
1592,444.72,23.42
1593,455.15,24.03
1594,459.07,24.08
1595,463.21,23.97
1596,445.63,23.48
1597,465.86,24.24
1598,461.79,24.44
1599,468.85,24.48
1600,470.83,25.58
1601,446.78,23.52
1602,459.93,24.53
1603,470.17,25.25
1604,469.04,24.53
1605,472.91,24.93
1606,468.08,25.08
1607,464.81,25.17
1608,469.27,25.04
1609,463.7,24.27
1610,449.48,23.71
1611,477.16,25.63
1612,475.12,25.02
1613,447.86,23.85
1614,453.8,23.11
1615,479.84,25.1
1616,476.51,25.76
1617,457.4,24.13
1618,474.53,24.33
1619,453.34,23.9
1620,461.44,24.23
1621,479.59,25.88
1622,456.18,24.34
1623,442.6,23.24
1624,458.85,23.89
1625,448.29,23.9
1626,444.92,23.58
1627,473.87,25.97
1628,465.64,24.67
1629,443.04,23.57
1630,467.1,25.55
1631,461.42,24.77
1632,461.04,24.51
1633,470.25,24.66
1634,465.44,24.54
1635,458.66,24.78
1636,461.18,24.63
1637,466.68,24.62
1638,455.33,24.56
1639,459.42,24.71
1640,466.1,25.22
1641,475.08,25.73
1642,464.82,24.88
1643,458.15,24.54
1644,467.82,25.09
1645,443.25,24.07
1646,451.84,23.66
1647,485.23,26.76
1648,462.89,24.2
1649,472.24,25.32
1650,457.42,24.83
1651,483.14,26.21
1652,480.34,26.09
1653,471.15,25.41
1654,469.53,25.15
1655,482.6,25.91
1656,463.99,25.6
1657,471.7,25.83
1658,477.44,26.01
1659,470.94,25.35
1660,467.9,25.35
1661,463.24,25.01
1662,467.62,24.84
1663,462.27,24.95
1664,466.15,25.74
1665,465.21,25.42
1666,481,25.77
1667,468.42,25.58
1668,456.69,25.41
1669,481.3,26.14
1670,467.15,25.34
1671,466.06,25.42
1672,455.7,24.46
1673,456.96,24.42
1674,482.69,26.76
1675,463.94,25.17
1676,474.51,26.55
1677,467.6,25.78
1678,453.59,24.23
1679,472.37,25.6
1680,463.16,25.23
1681,457.32,24.77
1682,469.45,25.63
1683,463.31,25.1
1684,479.58,26.03
1685,484.58,26.42
1686,466.16,25.5
1687,484.74,26.06
1688,479.29,26.45
1689,468.68,25.17
1690,469.79,26.06
1691,468.57,25.82
1692,458.19,24.8
1693,453.56,24.95
1694,450.14,24.59
1695,467.36,25.81
1696,467.59,25.9
1697,467.89,25.69
1698,465.81,26.3
1699,475.93,26.25
1700,480.8,26.08
1701,462.94,25.79
1702,471.06,25.61
1703,447.8,24.45
1704,475.86,26.4
1705,478.88,27.08
1706,468.43,25.46
1707,468.15,26.08
1708,470.89,26.32
1709,458.01,25.1
1710,472.63,26.36
1711,488.95,26.6
1712,485.41,27.03
1713,479.33,26.46
1714,466.74,26.47
1715,473.54,26.27
1716,465.36,25.91
1717,481.11,26.48
1718,476.18,26.2
1719,474.65,26.73
1720,468.04,26.28
1721,461.85,25.86
1722,471.95,26.82
1723,463.92,25.4
1724,449.74,24.84
1725,463.52,25.78
1726,445.07,24.76
1727,481.92,26.41
1728,471.43,26.26
1729,483.79,27.18
1730,473.04,26.46
1731,464.98,25.6
1732,485.95,26.76
1733,462.54,26.12
1734,463.22,26
1735,467.74,26.09
1736,468.5,26.5
1737,468.81,26.22
1738,471.16,26.31
1739,487.93,27.28
1740,453.03,24.98
1741,479.67,26.97
1742,462.32,25.5
1743,474.74,26.64
1744,482.13,26.83
1745,476.01,26.74
1746,456.39,25.55
1747,470.69,26.4
1748,462.93,26.3
1749,468.28,25.69
1750,483.14,27.49
1751,484.51,27.41
1752,495.7,28.6
1753,481.53,27.77
1754,473.84,26.28
1755,479.01,27.42
1756,467.27,26.85
1757,479.21,27.24
1758,478.96,27.3
1759,478.1,27.28
1760,473.78,26.28
1761,460.93,25.91
1762,492.83,27.86
1763,478.54,26.49
1764,487.74,27.99
1765,482.44,28.01
1766,468.22,26.55
1767,467.29,26.63
1768,479.34,27.49
1769,471.44,27.29
1770,475.82,26.71
1771,476.78,27.11
1772,478.33,26.9
1773,476.86,26.77
1774,486.09,27.74
1775,471.45,26.74
1776,474.23,27.1
1777,475.05,26.88
1778,485.42,28.2
1779,490.53,28.72
1780,492.69,27.64
1781,480.99,27.55
1782,488.2,28.27
1783,471.92,27.05
1784,481.48,27.26
1785,480.16,27.71
1786,477.11,27.97
1787,476.04,27.23
1788,478.32,27.57
1789,480.38,27.66
1790,472.55,27.02
1791,480.39,27.87
1792,474.76,27.48
1793,475.92,27.43
1794,473.67,27.04
1795,471.03,27.39
1796,490.06,28.22
1797,472.23,27.37
1798,484.75,28.11
1799,487.7,28.18
1800,473.46,26.91
1801,462.58,27.34
1802,485.79,28.25
1803,477.44,28.14
1804,477.16,27.78
1805,480.93,28.12
1806,475.61,27.87
1807,482.64,28.25
1808,459.33,27.04
1809,477.68,28.01
1810,475.36,28.31
1811,486.74,28.76
1812,463.89,27.11
1813,484.95,28.08
1814,472.77,27.93
1815,490.76,28.86
1816,463.33,27.25
1817,483.63,28.73
1818,474.14,27.67
1819,474.66,28.14
1820,479.07,28.27
1821,484.46,28.39
1822,490.68,28.46
1823,476.57,28.04
1824,491.17,28.26
1825,481.15,28.56
1826,480.48,27.65
1827,488.32,28.91
1828,474.81,28.01
1829,470.24,27.59
1830,481.81,28.1
1831,474.26,28.12
1832,471.71,27.81
1833,489.63,29
1834,480.41,28.86
1835,460.52,27.01
1836,472.22,28.06
1837,479.6,28.65
1838,479.3,28.27
1839,483,28.9
1840,454.23,26.94
1841,468.83,27.89
1842,459.89,26.98
1843,466.98,27.04
1844,462.1,27.54
1845,455.09,27.03
1846,463.39,27.29
1847,481.21,27.98
1848,468.99,27.94
1849,466.48,28.04
1850,485.3,29.34
1851,475.07,27.9
1852,481.78,28.33
1853,472.15,28.63
1854,488.78,29.13
1855,480.57,28.38
1856,485.24,28.93
1857,474.5,27.99
1858,472.77,27.91
1859,468.43,28.3
1860,492.17,29.54
1861,489.46,29.66
1862,475.99,28.49
1863,486.06,28.99
1864,480.09,28.23
1865,478.04,28.55
1866,488.39,29.32
1867,485.76,28.99
1868,481.5,28.69
1869,486.78,29.77
1870,472.81,28.24
1871,484.05,29.39
1872,469.55,28.08
1873,478.94,28.62
1874,475.51,28.8
1875,479.57,28.84
1876,486.47,29.27
1877,479.35,28.67
1878,488.42,29.37
1879,468.38,28.24
1880,483.63,29.18
1881,475.97,28.53
1882,483.1,29.36
1883,469.12,28.75
1884,487.01,29.3
1885,471.47,28.62
1886,466.55,28.19
1887,492.4,29.85
1888,479.67,29.14
1889,470.82,29.02
1890,493.34,29.72
1891,475.39,28.91
1892,477.81,28.2
1893,482.54,28.96
1894,495.81,30.6
1895,481.31,29.45
1896,468.83,28.63
1897,485.3,29.32
1898,483.24,29.36
1899,489.88,29.27
1900,479.8,29.42
1901,478.83,29.32
1902,491.44,30.08
1903,485.08,29.6
1904,466.55,28.66
1905,493.4,30.13
1906,480,28.75
1907,489.81,30.47
1908,472.02,28.77
1909,480.7,28.79
1910,481.7,29.26
1911,490.22,29.71
1912,496.11,30.46
1913,479.78,29.16
1914,477.6,28.79
1915,481.98,29.16
1916,486.08,29.59
1917,474.69,29.35
1918,484.87,29.4
1919,489.88,29.87
1920,489.24,29.8
1921,482.27,29.73
1922,493.92,29.92
1923,486.01,29.73
1924,486.45,29.83
1925,485.49,29.53
1926,480.14,29.17
1927,491.11,29.9
1928,476.41,29.25
1929,478.82,29.4
1930,480.28,29.73
1931,482.17,29.68
1932,486.4,29.53
1933,495.12,30.57
1934,477.7,29.47
1935,485.09,29.75
1936,482.96,30.33
1937,479.42,29.6
1938,468.99,28.2
1939,494.5,30.24
1940,494.98,31
1941,484.08,30.42
1942,491.01,30.39
1943,474.3,28.99
1944,494.12,30.24
1945,490.95,30.39
1946,486.99,29.85
1947,487.38,30.29
1948,493.62,30.12
1949,484,30.72
1950,493.59,30.24
1951,496.56,30.73
1952,496.67,30.6
1953,479.03,29.68
1954,483.63,30.17
1955,495.79,30.69
1956,475.32,29.29
1957,482.61,29.9
1958,481.94,29.77
1959,486.92,29.77
1960,493.85,30.62
1961,482.2,30.36
1962,478.65,29.94
1963,468.87,29.08
1964,465.72,28.79
1965,479.83,29.48
1966,478.78,29.74
1967,481.28,29.61
1968,483.11,30.02
1969,493.51,30.92
1970,475.52,29.13
1971,474.09,29.25
1972,475.29,29.26
1973,471.59,29.36
1974,483.17,29.51
1975,483,30.06
1976,474.11,29.62
1977,489.57,30.43
1978,481.73,29.65
1979,483.14,30.48
1980,496.26,30.69
1981,477.91,29.64
1982,488.36,30.78
1983,487.24,29.91
1984,486.55,30.11
1985,480.38,30.02
1986,474.71,29.83
1987,482.05,30.51
1988,482.91,30.59
1989,494.55,30.91
1990,479.1,30.58
1991,475.03,29.75
1992,478.53,29.6
1993,492.08,31.12
1994,474.3,30.39
1995,474.11,29.51
1996,480.07,30.01
1997,477.87,29.91
1998,492.47,30.92
1999,485.37,30.78
2000,475.42,30.4
