Iteration,Baseline,MethodA,MethodB
0,11.83,19.6175610627073,24.3625713118251
1,30.04,37.1180788547444,21.0183349932739
2,27.46,41.6272490031318,17.3229145924472
3,30.24,38.6388872773726,11.3229145924472
4,29.77,28.67771993834,22.8489960371341
5,31.57,36.7563740727396,27.3830375314245
6,32.64,32.3401712142599,21.3830375314245
7,30.71,57.7910416803619,23.3689973194226
8,32.83,53.6621596075221,20.2912928545843
9,30.36,62.7035069982551,26.7751707145358
10,31.54,52.4689478519489,20.7751707145358
11,33.1,80.0368575638557,26.9840238834555
12,31.73,82.9480696652643,22.5261234657358
13,30.72,66.7033701389203,21.3732905172418
14,28.08,59.9756153554209,15.3732905172418
15,30.16,67.3896626239134,15.104864069294
16,32.53,77.434773176709,25.5941149704462
17,32.17,79.7692973125771,23.4926084854819
18,32.24,76.8038812831612,33.5674410445091
19,33,89.500253107577,27.5674410445091
20,29.53,85.3545831701672,22.8657979539457
21,30.13,79.6087975311092,22.4841410462049
22,33.59,92.5383701526987,16.4841410462049
23,29,97.6775540802682,14.9892344520492
24,32.08,111.245354102047,27.366365971571
25,33.01,96.1225090666895,28.0475668222852
26,30.19,107.926368248492,27.1118626855877
27,35.02,112.59737535425,29.8056357441706
28,33.28,91.3541127508664,30.4829488168963
29,34.85,119.536633164317,24.4829488168963
30,30.65,108.698660223093,28.7963629761502
31,33.29,117.786113898598,33.211772946489
32,32.03,148.580814561144,30.7900883599025
33,27.87,141.908257433195,35.1976472243688
34,33.67,137.490423857838,29.1976472243688
35,30.83,130.306558026602,35.1676155738051
36,32.38,125.986745196069,35.1785436471284
37,33.69,141.188572961322,32.2990536253005
38,36.07,137.577676487669,45.7580052051132
39,34.57,129.27960551538,39.7580052051132
40,29.02,144.788741810034,33.7580052051132
41,30.66,138.766574753775,37.6850550412194
42,36.83,161.194219116302,38.5211595627203
43,27.01,147.987367539166,32.5211595627203
44,29.49,161.775810019417,30.2974306244997
45,33.14,152.310671382756,27.3790571343836
46,32.76,160.483782767308,31.8071288252394
47,32.89,164.068705471902,41.8437596450293
48,33.52,161.731772652517,35.8437596450293
49,31.9,188.806345191041,32.6168276933089
50,30.27,177.739102292034,33.6466934092275
51,30.33,184.065996858371,27.6466934092275
52,29.29,195.428540510962,39.6973773507127
53,35.69,180.661720653521,50.9651105384908
54,32.88,189.551092659203,45.2254403332151
55,33.14,167.674983233154,39.2254403332151
56,28.79,174.086657876326,48.8463675895378
57,32.55,159.241111478797,44.2961265322048
58,31.02,180.145893116913,42.6801659239738
59,33.25,185.887426041589,38.5221332060398
60,31.18,185.239372933733,38.2563305780931
61,32.3,205.942749694403,33.7197359175845
62,32.74,188.435808066211,29.8783366090426
63,31.77,191.538622926195,31.4573290029213
64,33.89,202.246148838283,35.348811973035
65,31.17,194.89392096078,40.6171342423182
66,31.73,211.104673103204,43.0895284719584
67,33.59,204.114041128467,40.9396041962728
68,32.78,223.373006175905,34.9396041962728
69,28.98,219.134266119574,61.0889725736626
70,30.13,206.639208182299,55.0889725736626
71,28.38,223.843742223546,49.0889725736626
72,29.94,227.585951961359,53.7644677671574
73,35.33,229.203409111334,47.7644677671574
74,31.55,199.161621572048,52.8183667631106
75,33.29,218.622153709806,46.8183667631106
76,30.53,205.817847585137,42.6631542924543
77,34.65,244.433467972272,38.1031239508309
78,29.12,233.163313447402,38.5031731241965
79,32.18,228.953582684216,34.4624272505716
80,30.27,221.91478000867,48.8911035957152
81,30.83,228.257317529513,49.9328476687866
82,33.14,230.680694693207,47.2031831807497
83,30.8,246.809341535111,41.2031831807497
84,35.55,243.989281422575,52.6435410235843
85,31.58,255.405661233406,51.195459223732
86,32.05,243.732163497994,46.1064677950161
87,33.85,223.243977208639,51.4021532178446
88,34.12,257.925905724484,45.4021532178446
89,34.24,260.083464599111,43.0623182950269
90,32.69,252.928390933191,54.8587402470455
91,34.57,259.385957228636,48.8587402470455
92,32.51,255.037787406568,48.5737417643972
93,28.09,257.714889188217,52.4112742118177
94,34.78,257.401315694221,54.4750304615389
95,33.42,246.640071802968,48.4750304615389
96,30.54,254.081479059251,42.4750304615389
97,30.16,240.262581624502,41.5842914329923
98,30.37,269.37966311467,52.613630966089
99,32.83,260.824519030134,50.8935170151372
100,39.26,268.936478497897,45.4285546545911
101,35.15,281.830369542363,58.4249516798107
102,32.97,236.859538957579,52.8751934739701
103,32.48,264.85244615278,48.4559781641079
104,31.18,278.922197759031,52.758890837165
105,38.35,244.200337545944,59.3603320420122
106,33.48,313.111455375433,53.3603320420122
107,31.48,293.579262939483,47.3603320420122
108,32.96,272.564553200804,61.4903519675136
109,34.61,292.781003831922,55.4903519675136
110,29.75,284.027002560135,55.0522151726034
111,32.31,306.479960315246,53.6258169094574
112,33.12,301.628306540862,47.6258169094574
113,37.77,239.582993410787,45.9069880915821
114,33.19,282.440609527821,54.7061346181625
115,32.01,335.042037280812,48.7061346181625
116,33.42,286.844850223355,46.2231458748481
117,34.25,242.449910575197,60.133487303103
118,35.19,333.133092494251,62.6132455234476
119,35.75,266.124875461346,56.6132455234476
120,32.83,255.832672607054,61.7739273889585
121,30.86,258.486649361251,55.7739273889585
122,33,281.054832610139,66.3479981907061
123,28.83,343.900863020053,66.522075004348
124,32.42,296.457717067597,65.7843230600429
125,32.6,292.101714486862,68.003350768721
126,35.27,346.922369550037,62.003350768721
127,32.51,319.672642426687,56.003350768721
128,32.92,326.787961064346,57.797480768746
129,32.33,264.794967834783,61.1310795246522
130,35.04,316.913225621108,55.1310795246522
131,34.19,370.318660444849,61.1881652500983
132,37.14,343.490790414161,63.0914638752469
133,37.52,276.760436352434,68.1971961417198
134,35.22,297.492133275606,67.7991485123192
135,33.1,327.859168726113,71.9634481189962
136,32.22,360.091571450788,69.5890053697894
137,34.92,316.389758545541,63.5890053697894
138,32.4,323.638076133871,79.7074127113889
139,32.98,290.538728969519,73.7074127113889
140,36.18,323.448207489433,67.7074127113889
141,36.17,343.6732597445,62.9257818671798
142,36.13,330.73434337023,66.9613272220504
143,33.97,354.177745434112,60.9613272220504
144,27.76,354.791207290671,66.8339039849555
145,32.56,309.97998691366,68.8664488496629
146,33.63,349.710652963577,62.8664488496629
147,32.97,309.012183030519,66.8194398776688
148,37.71,361.163018991733,73.0666691572697
149,33.42,342.771547367297,67.0666691572697
150,36.32,364.560079194287,61.0666691572697
151,34.35,363.499479123907,55.0666691572697
152,36.08,337.502699560741,64.3418800177437
153,36.16,411.453169173989,75.245111645799
154,33.08,341.090013103877,69.245111645799
155,37.83,324.970419832461,68.377129710946
156,36.38,361.26871786356,62.377129710946
157,36.22,371.939978517889,65.9822743237238
158,38.41,332.665842742771,74.828785211203
159,38.28,378.789366704352,74.5630302990682
160,34.78,393.554432023582,68.5630302990682
161,38.96,345.007790462065,68.2089518179335
162,36.19,392.020719392504,62.2089518179335
163,41.05,304.751924660054,69.1253810839399
164,39.75,324.252847226858,70.3947163847659
165,35.86,333.395150327477,67.9703029571702
166,40.93,407.699350488519,66.3014799372753
167,36.98,359.810353585721,85.1910938030757
168,36.76,334.184922996978,80.1316052951343
169,35.81,345.402821397591,74.1316052951343
170,33.79,383.937267214107,76.3605976323581
171,35.52,285.953053457343,70.3605976323581
172,40.53,387.079734675244,71.2361603104229
173,38.33,397.215945270343,74.0172959346217
174,36.03,385.435574974138,75.8353543016657
175,40.03,449.37491960147,80.8109661052906
176,34.37,353.355257338062,74.8109661052906
177,39.57,384.227648805598,70.5406133756699
178,37.39,402.667293379099,86.4433263635729
179,40.8,394.461889945802,80.4433263635729
180,35.28,287.529051852869,75.6623804887394
181,39.22,447.136971342922,72.2871372752367
182,39.91,385.440642922515,79.2447269353308
183,39.87,358.456617661025,73.2447269353308
184,38.78,320.255271036979,67.2447269353308
185,35.92,358.117938233804,91.2173555899775
186,40.96,353.12850435222,85.2173555899775
187,38.75,419.74122880788,79.2173555899775
188,41.6,421.646133613158,73.2173555899775
189,40.41,348.16194323643,70.9693406432908
190,38.04,419.205060301205,64.9693406432908
191,40.58,351.542335926815,73.9246379606849
192,39.83,417.615896678802,85.8646086062714
193,35.38,451.204397103171,79.8646086062714
194,41.56,396.071987314964,85.8539645665895
195,38.08,423.997136493691,80.3627008802314
196,36.86,354.722074700772,77.4516800634968
197,44.04,359.105385176171,80.3360963753111
198,44.49,407.408687399933,79.492611721036
199,39.43,399.36231136907,86.5673325792931
200,42.93,382.451738117838,80.5673325792931
201,45.41,375.404101803656,77.5395040524441
202,44.67,415.92360188469,92.2770700408169
203,39.22,385.110263464833,92.8881859554129
204,37.07,358.632004079518,87.2866403674288
205,36.4,394.118232897582,81.2866403674288
206,37.98,408.606698868831,88.8554491224989
207,37.23,352.212572137317,82.8554491224989
208,36.59,383.650709131428,81.8568605725155
209,38.34,335.528579526205,78.5851630469391
210,40.09,379.275554416885,83.6480116094342
211,41.36,385.618395597523,78.241071497081
212,38.5,420.016183174828,79.5044009646904
213,40.83,417.361084294907,85.3940293266735
214,38.77,416.839311479004,79.3940293266735
215,44.93,395.351818414214,77.0226694744472
216,47.75,448.431438925771,77.8929158492688
217,36.43,398.956435394616,97.10937329896
218,45.12,420.649606920853,91.10937329896
219,41.34,401.21869894916,85.10937329896
220,37.78,352.475070470184,93.3970841336472
221,39.19,402.868977123301,87.6750066696713
222,42.25,420.951456115372,81.6750066696713
223,47.57,403.755871549972,90.7037802731027
224,45.48,406.958545191411,90.2865862945956
225,41.39,448.484401157895,90.5080779750658
226,46.61,357.542582706356,84.5080779750658
227,35.2,420.804507363402,93.5300924214598
228,41.93,401.418649651103,87.5300924214598
229,37.5,418.778690072776,84.3261452258609
230,47.32,429.98605542131,85.2490440831329
231,49.32,417.079451581356,80.3972798979803
232,41.86,387.550025314726,80.9461124549236
233,37.04,379.508629440889,93.5159000267198
234,44.89,355.05215039136,89.0357812372986
235,45.08,371.932781544025,83.0357812372986
236,45.09,444.328209570783,94.893413858502
237,40.82,480,88.893413858502
238,45.64,457.470984662854,88.9214577940753
239,44.81,443.519564694222,86.6068103141232
240,46.7,398.147106905089,82.3712175834939
241,43.83,450.642799199153,97.2617262085761
242,43.19,387.205724375312,91.2617262085761
243,38.63,480,94.5065771715375
244,39.74,448.113038144228,95.2881025358849
245,48.95,390.652351215554,100.082946206877
246,42.97,408.586217722427,94.0829462068769
247,44.55,413.530259278595,88.0829462068769
248,41.57,455.953203076486,87.618067460147
249,43.78,416.118903310229,95.3234708844205
250,49.04,401.154646597159,97.0946312756666
251,43.02,480,91.0946312756666
252,47.28,405.828469156825,91.3142538629134
253,45.5,429.970889818772,112.379355443202
254,48.91,384.304286586459,106.379355443202
255,41.58,420.817954349437,100.379355443202
256,46.25,480,100.566864822834
257,48.79,425.005591014371,94.5668648228345
258,46.12,457.469491155222,95.7414474421376
259,47.6,386.307767742604,97.5992385265829
260,46.84,480,91.5992385265829
261,49.14,465.658356853563,96.6075905534597
262,47.07,470.692395829023,96.8691929844939
263,47.98,340.825165178145,91.4964810582508
264,47.61,471.038137143587,101.552995505334
265,41.7,444.67978211496,97.6552841998106
266,42.17,415.598656724786,106.363975175768
267,47.06,466.571069149728,100.363975175768
268,44.82,417.968043513073,94.3639751757679
269,50.57,467.373395799182,100.908603439052
270,53.16,405.517738556285,94.908603439052
271,44.05,439.978075812178,100.174168959158
272,49.51,437.932921603352,103.362585125094
273,43.75,405.661528286762,97.362585125094
274,45.94,428.053510806559,99.0620548121705
275,49.91,386.696709735797,99.0866326697221
276,46.83,449.122959982942,94.4816827172394
277,49.63,404.462630741264,106.998333837453
278,50.21,433.019729897471,103.297616651677
279,53.47,409.160279167232,102.242650020521
280,51.77,413.178659386015,102.166136206261
281,41.97,447.971844116372,99.458941541709
282,48.01,416.766818341614,104.863520499415
283,55.24,480,102.890480344367
284,46.44,477.056668007401,107.534731019462
285,52.11,453.050262553155,106.953922400341
286,48.14,433.390652843388,100.953922400341
287,49.74,480,104.128085577869
288,49.55,411.86178780849,98.9616381630768
289,45.6,393.141515536624,100.490860661784
290,47.87,393.642536637786,98.9971793108456
291,60.92,460.476220254197,108.105657983762
292,55.42,405.913212807606,106.605306897834
293,48.02,428.371646201537,108.344195704927
294,47.37,480,108.654351077368
295,45.36,457.140413275021,104.906615974556
296,51.52,434.439800779068,112.799337960194
297,52.39,413.329647794762,106.799337960194
298,53.49,464.061841401269,102.399804135471
299,53.19,453.593289220085,98.5384340719633
300,50.74,400.247240939241,109.668675471044
301,55.94,433.242223904835,112.451112213096
302,50.1,456.567150751377,106.451112213096
303,52.24,466.04496776433,100.451112213096
304,46.4,465.075181955183,109.347951263131
305,52.01,480,103.347951263131
306,50.98,444.563105914126,110.738161211216
307,49.38,438.114607584244,119.599353970131
308,49.54,433.63372032503,113.599353970131
309,56.24,424.485016435206,107.599353970131
310,46.09,450.328221333855,111.207072712369
311,56.42,468.621261786803,114.98902153301
312,54.08,454.01014407954,108.98902153301
313,48.65,452.703395570027,117.150368407007
314,49.57,435.07462077995,111.150368407007
315,53.53,461.072387305123,108.663271533685
316,51.29,461.010785342409,112.782271965946
317,55.44,465.110464381488,112.606450191133
318,44.49,480,106.606450191133
319,45.7,412.694117520941,116.53357325926
320,58.19,465.313397178634,111.550223986706
321,52.76,434.171911639421,108.68453927411
322,54.41,437.973878375611,102.68453927411
323,51.12,453.684722271595,120.059576838919
324,49.18,461.199774539922,114.059576838919
325,53.82,474.696960467822,108.059576838919
326,59.56,458.973397795819,108.075209662754
327,47.63,480,121.251346427875
328,56.87,441.391035405154,115.251346427875
329,57.88,459.058305484903,114.258010641733
330,56.24,383.401795629215,108.440295295088
331,59.26,439.990643016757,116.37351148868
332,52.44,474.155619417587,114.538891328686
333,51.34,389.309605370434,125.65853897896
334,51.16,431.722324036548,121.629904504062
335,54.42,419.082659786152,115.629904504062
336,55.02,480,115.388164265265
337,51.85,440.450127489983,109.388164265265
338,52.46,445.032097445102,114.184251563174
339,58.99,427.346649502821,110.705406249033
340,51.6,465.629027793674,112.096646195257
341,52.12,444.294771473614,112.164860924051
342,47.27,434.468945149425,118.780088994146
343,59.57,449.527648075506,112.780088994146
344,56.01,388.497544430561,122.029479017483
345,48,448.171149907093,116.029479017483
346,59.12,395.211481755288,110.073798205991
347,54.34,443.432722275614,120.383001607374
348,52.07,451.284265070587,114.383001607374
349,56.56,474.105415861929,115.420421440242
350,57.92,440.874671466816,120.818649600209
351,62.59,469.285687947036,115.526838145296
352,63.16,431.082278714318,111.727439170831
353,56.66,480,115.31538737149
354,59.29,466.599871558466,134.756760835821
355,61.4,435.491955018624,128.756760835821
356,70.84,473.515834692269,122.756760835821
357,55.97,427.355703677593,119.508693423439
358,56.12,437.851448278742,113.508693423439
359,52.07,465.235875797467,116.59889262084
360,59.59,480,124.074834372913
361,61.81,457.164341519879,118.074834372913
362,65.77,480,116.047757382006
363,58.53,480,112.238196258023
364,59.73,397.945225068803,117.683257080554
365,63.82,442.502445773362,121.953422413349
366,68.75,444.993487647354,120.94659126002
367,60.87,449.946295845329,117.492963595899
368,64.47,456.215957226017,129.859634836576
369,54.55,480,123.859634836576
370,55.36,474.502693163122,119.230498953812
371,66.17,480,124.140841090002
372,67.39,439.814289799005,125.711521869179
373,62.1,480,120.850101186682
374,56.43,480,119.104967413432
375,67.12,480,121.399085774551
376,69.88,418.655391403295,117.548741134299
377,60.51,440.729410482424,117.117445651778
378,70.31,456.264730483997,122.477433140141
379,67.27,480,118.170549218476
380,57.17,480,119.179969135974
381,59,417.424830369273,127.105709401292
382,60.71,443.288283045241,128.669993754956
383,61.8,471.07377685947,126.104493921229
384,72.07,472.244207910564,120.104493921229
385,60.82,448.580406714958,114.104493921229
386,66.04,458.768574315944,128.210042570548
387,70.59,480,122.210042570548
388,63.46,442.402279070825,116.210042570548
389,69.4,430.092709381697,127.025206636541
390,73,465.359586889529,126.590822069788
391,60.69,480,128.620304175093
392,65.27,480,122.620304175093
393,75.81,480,116.620304175093
394,69.28,454.609205788724,133.728603025971
395,77.35,468.799970386221,127.728603025971
396,69.65,437.383456057568,129.861609875685
397,71.29,477.234489802744,131.620614616476
398,79.04,480,129.446585841139
399,72.25,472.152064098951,123.877798355886
400,84.54,476.529452010373,124.635048507405
401,76.05,479.843338102136,128.111759267051
402,81.1,454.564353337651,132.382569502155
403,81.37,466.782355433191,126.382569502155
404,69.3,479.842167438023,121.295218174296
405,71.41,431.769705792696,134.19345530545
406,81.27,480,136.680495376609
407,68.02,461.495573255167,130.680495376609
408,75.89,446.179407091415,131.207322951508
409,73.74,470.114743307031,132.747413028773
410,74.35,462.466821462275,131.03487876111
411,84.97,464.859016519707,128.032888022164
412,80.16,470.027732666589,122.39636187171
413,76.23,441.263003470383,133.097070230195
414,82.97,462.230517898761,127.097070230195
415,76.45,480,129.193943253851
416,81.86,470.782691399938,136.761523942652
417,86.5,466.548537270402,130.761523942652
418,91.1,476.095059767044,138.606793698945
419,81.23,455.219115287894,132.606793698945
420,87.3,480,133.99905425027
421,85.26,468.683689218141,142.649177164506
422,89.32,480,136.649177164506
423,84.45,457.635277334043,130.649177164506
424,86.34,437.924664961883,131.720128287815
425,79.01,475.802624133797,125.720128287815
426,77.99,480,135.249090556845
427,88.62,480,144.164065071049
428,85.3,471.013995075973,138.164065071049
429,102.3,480,132.164065071049
430,98.83,480,132.722020110872
431,83.87,462.374144956646,138.005073013094
432,99.43,478.324363408708,132.005073013094
433,97.83,480,137.634438778583
434,85.2,457.930360050123,131.634438778583
435,92.09,468.891624901464,137.580374474235
436,87.37,480,131.580374474235
437,101.5,479.64595129262,127.411738660462
438,90.4,464.65419811965,138.246537020823
439,97.87,474.407398006079,143.162668848966
440,103.6,480,137.162668848966
441,87.43,480,134.812482300788
442,95,480,134.524592556486
443,83.57,459.975920914,128.837710944433
444,86.74,452.231327945316,130.068401271209
445,115.69,463.046367016876,136.333472712534
446,98.64,480,140.12095742699
447,99.23,477.906823743724,139.623253140142
448,103.08,480,141.183096393342
449,103.96,440.227794036299,135.183096393342
450,92.63,474.139727166199,144.827575522427
451,96.91,461.382684978844,148.164977455669
452,115.97,480,143.353562617392
453,113.68,466.721010666194,144.57075445435
454,132.49,454.582129299908,144.880105727619
455,108.55,448.619730290022,140.176841087279
456,101.46,480,134.355016952821
457,113,480,141.64032118894
458,118.39,480,142.867408132583
459,123.36,460.584157412384,149.330653942431
460,137.01,476.561989896241,143.330653942431
461,137,433.287237996801,137.330653942431
462,116.76,480,138.263153099578
463,114.45,480,145.756427504569
464,123.9,480,143.034054845251
465,134.27,436.887696802242,141.62452595597
466,135.71,460.228788581595,135.62452595597
467,112.33,466.12202800134,137.357613719092
468,127.81,472.804291504036,152.801928081247
469,109.91,466.469106788364,146.801928081247
470,120.54,480,149.364743499118
471,130.05,471.499020823923,143.364743499118
472,136.42,479.690279735697,146.179237305468
473,113.72,480,140.179237305468
474,127.33,468.626767487784,148.400124996122
475,135.31,480,142.400124996122
476,123.7,479.971903077952,142.121227615571
477,124.64,480,144.983295553052
478,122.33,480,154.680530601752
479,127.21,480,148.680530601752
480,139.06,480,150.015682345351
481,136.62,450.014517266023,144.015682345351
482,118.26,480,143.241205503974
483,128.68,480,138.836080012613
484,128.37,480,140.721614143618
485,131.98,474.5019916014,145.024773031876
486,127.38,480,139.024773031876
487,118.83,465.797152417807,145.317581856311
488,132.55,477.008841593339,150.787667559321
489,152.75,480,144.787667559321
490,144.25,480,152.123214308644
491,151.4,480,146.123214308644
492,132.45,473.039048974886,148.908748817473
493,108.54,480,142.908748817473
494,141.41,480,143.480853765347
495,147.1,480,140.520657256356
496,145.87,467.206480764606,136.159845092793
497,147.68,472.946596170951,136.884320738048
498,150.85,480,151.482984128155
499,129.2,480,156.671398386852
500,160.87,480,156.30000588721
501,116.22,480,151.28176729399
502,147.99,480,145.28176729399
503,124.04,458.105736117995,147.597439799882
504,150.45,480,142.627673053634
505,118.5,480,144.503232920655
506,115.02,480,149.311463534892
507,142.42,480,149.681516009131
508,124.21,480,145.934243552767
509,161.52,480,148.379946940288
510,159.49,480,159.221517060013
511,118.17,480,157.724854359208
512,160.75,480,151.724854359208
513,118.98,480,161.211280447614
514,135.15,480,162.072248034939
515,139.83,453.954074839048,156.072248034939
516,126.49,480,150.072248034939
517,168.97,480,151.171815531694
518,142.86,480,156.92484318868
519,105.67,480,157.001845256105
520,171.53,480,151.001845256105
521,161.03,480,150.958437334351
522,129.44,480,153.469830925764
523,156.45,480,152.265133860691
524,148.29,477.784519064402,146.612802623356
525,142.77,480,161.825760032583
526,165.95,480,157.961977331363
527,141.11,480,158.123706004228
528,123.79,480,159.495327798935
529,156.49,480,157.48757117203
530,149.91,480,153.243295351428
531,121.96,453.083841028673,155.271228077555
532,130.95,480,149.271228077555
533,149.08,480,156.962618367887
534,162.7,476.775737933512,150.962618367887
535,139.19,480,157.559896335382
536,136.1,480,151.559896335382
537,135.09,480,148.315275297202
538,143.57,477.617537933797,146.927972246959
539,142.07,480,161.126154870127
540,146.27,480,155.568515444884
541,138.07,480,149.568515444884
542,133.39,480,149.359427853831
543,161.37,480,147.858029743253
544,159.17,480,148.108286543021
545,142.06,480,167.650392469758
546,129.83,480,161.650392469758
547,151.97,480,155.650392469758
548,156.09,480,149.650392469758
549,166.77,480,154.281742777574
550,123.71,480,157.412721248779
551,171.5,480,158.92263183417
552,143.69,465.604026060674,154.702313503974
553,157.33,469.969060483236,151.93999973703
554,161.23,480,156.416414790025
555,161.48,473.818541276442,154.082392385177
556,121.18,480,151.440397919563
557,133.44,479.393691417848,167.635413314304
558,152.25,480,163.250421375641
559,142.17,480,159.747626541182
560,155.41,480,156.918042889463
561,144.22,480,157.110944067937
562,151.73,480,160.25028050546
563,125.44,477.150866754598,162.781840803007
564,151.08,480,164.625591497134
565,149.53,480,158.625591497134
566,154.9,480,160.046506735396
567,148.63,480,158.513400617039
568,138.97,462.731036757535,167.842785436171
569,164.17,480,161.842785436171
570,165.53,480,161.831067606209
571,126.05,480,155.831067606209
572,141.55,479.097129554417,163.045347611458
573,164.12,480,157.045347611458
574,149.12,480,158.658001737728
575,137.55,480,152.658001737728
576,161.39,480,165.413781553274
577,154.99,480,159.413781553274
578,148.69,480,159.485285272669
579,164.54,480,171.217975615622
580,134.81,480,165.217975615622
581,168.68,480,162.95304962514
582,145.04,480,160.835409413841
583,166.1,480,154.835409413841
584,132.17,480,171.42576305649
585,135.09,480,165.42576305649
586,158.95,480,163.13352897778
587,166.05,480,165.512555863419
588,136.86,480,165.51458928209
589,151.87,480,168.48370961236
590,156.38,472.659043154378,162.48370961236
591,156.63,468.168252213985,156.48370961236
592,157.27,480,169.724100303949
593,127.94,472.631898541803,165.642990359685
594,120.41,480,170.919672738425
595,163.64,459.986237594679,174.356355278835
596,179.47,480,169.455222447739
597,164,480,165.311318587802
598,153.87,480,163.298584602808
599,147.92,480,171.390609940073
600,154.53,480,165.390609940073
601,149.29,480,159.390609940073
602,140.35,480,172.17103785352
603,166.87,480,173.411614739592
604,147.31,480,167.411614739592
605,157.19,456.977851828725,161.411614739592
606,143.46,480,164.565938527069
607,162.98,480,168.534552262249
608,167.78,480,172.904479786623
609,123.36,480,166.904479786623
610,139.56,480,164.823215985406
611,168.04,480,174.645324976612
612,146.11,480,168.645324976612
613,152.79,480,169.194179455267
614,161.46,480,181.332045213196
615,160.57,480,175.332045213196
616,160.21,480,174.428043262703
617,132.08,480,168.428043262703
618,136.99,480,166.689725783986
619,158,480,181.767714221738
620,134.19,480,175.767714221738
621,143.59,480,169.767714221738
622,143.48,480,167.474797442738
623,137.39,480,166.309274925907
624,147.95,475.391866308323,167.378969606656
625,151.9,480,161.378969606656
626,175.84,480,168.293889421574
627,140.68,469.56474828721,169.963157528547
628,179.34,480,172.209395688108
629,168.92,480,173.266150401887
630,154.13,480,177.678896780325
631,135.62,480,171.678896780325
632,148.9,480,165.678896780325
633,185.93,480,175.953164159705
634,147.8,480,171.431323809899
635,166.3,479.312428415552,165.431323809899
636,162.86,480,174.751281182381
637,138.15,480,174.70479013694
638,149.78,480,172.682448153935
639,147.06,480,166.682448153935
640,181.15,459.143712718855,177.194233746294
641,161.89,480,174.466173501134
642,184.26,480,178.330801145771
643,149.9,480,177.027640814805
644,147.41,480,180.123507378541
645,124.03,461.387698497911,174.123507378541
646,166.67,480,172.030397552437
647,132.54,480,175.905443662403
648,166.07,480,176.786349896201
649,171.62,480,178.034300016037
650,127.91,474.846168753415,172.034300016037
651,172.85,480,169.800028365722
652,170.17,480,180.966409293584
653,161.08,480,177.513049140155
654,179.49,463.244070383215,180.422839118585
655,161.21,480,180.459408439258
656,167.24,479.311843779747,176.923437967584
657,163.56,480,179.299202964984
658,159.38,480,186.441287777796
659,172.01,480,180.441287777796
660,164.22,480,179.171762463591
661,152.84,480,173.171762463591
662,147.18,480,175.791883490768
663,180.9,480,181.438926566122
664,190.16,480,175.438926566122
665,177.31,480,170.649006681549
666,155.98,480,174.697770122348
667,173.21,480,171.698154704509
668,125.66,480,169.13735452107
669,155.47,480,175.195143030637
670,170.21,480,187.148175023641
671,156.03,480,181.148175023641
672,172.71,480,175.148175023641
673,170.81,480,169.40467651594
674,154.2,480,180.143144606352
675,182.15,480,176.263108808383
676,163.89,480,184.064956643858
677,151.84,480,184.144317162013
678,137.87,480,183.813636915881
679,179.36,479.597497484482,177.813636915881
680,160.86,480,182.761203938544
681,172.66,480,176.761203938544
682,181.11,473.388188691939,190.061073206653
683,149.77,480,184.061073206653
684,171.95,480,178.061073206653
685,176.31,480,173.673315408408
686,174.05,477.159511453745,174.542077618141
687,180.71,480,182.863705888782
688,152.75,480,176.863705888782
689,132.98,478.661581301942,183.020171646804
690,184.01,480,178.80577968507
691,149.92,480,184.855810674599
692,194.2,480,189.344663649068
693,187.65,480,186.016070500333
694,163.74,480,191.343947725818
695,164.91,480,185.343947725818
696,185.74,480,179.343947725818
697,165.7,480,186.5482212901
698,190.05,480,180.5482212901
699,168.45,479.077302862572,181.178733101983
700,165.95,480,175.178733101983
701,156.83,480,179.077801735965
702,171.88,480,174.675240293411
703,181,480,193.820875621694
704,177.78,480,187.820875621694
705,175.93,477.993958139272,184.158128721611
706,145.11,480,178.158128721611
707,180.35,480,187.472046524284
708,182.19,480,181.472046524284
709,189.37,474.949245039186,188.334242812172
710,179.95,480,190.972670173538
711,171.28,480,184.972670173538
712,199.79,480,190.867798335906
713,177.89,480,195.140017815972
714,189.72,480,189.140017815972
715,154.86,480,192.833673352732
716,180.38,480,186.833673352732
717,209.54,480,186.525830144222
718,178.53,480,180.525830144222
719,176.96,480,174.525830144222
720,172.22,480,191.654177394846
721,199.67,480,192.203192678317
722,181.14,480,186.730016788126
723,198.19,480,194.496094783143
724,211.15,480,188.496094783143
725,154.86,480,182.496094783143
726,177.5,480,184.791426241764
727,191.69,480,178.791426241764
728,163.08,480,172.791426241764
729,167.27,480,182.672124069667
730,190.7,480,191.3702302622
731,151.87,480,187.136732378142
732,170.9,480,185.412545817414
733,155.73,480,189.377590833064
734,196.35,480,185.96866416253
735,189.24,480,190.29227544903
736,190.66,480,191.388821720812
737,167.13,480,185.388821720812
738,172.08,480,194.16412518397
739,145.3,480,188.427697015148
740,192.46,480,190.242673092764
741,157.1,480,190.395359174011
742,165.66,480,194.437442211877
743,203.57,480,190.008321887204
744,194.67,480,189.390363372585
745,210.25,480,199.44364204334
746,212.98,480,195.167745805355
747,181.9,480,189.167745805355
748,171.62,480,191.480266420254
749,203.97,480,187.241040624338
750,191.85,480,184.220579910864
751,194.45,480,192.532368879268
752,203.45,480,196.764791272745
753,182.31,480,196.855231432684
754,156.36,480,190.855231432684
755,174.98,480,190.935389765339
756,193.5,480,185.337431257429
757,169.45,480,199.202310580685
758,206.5,480,199.599386118106
759,167.35,480,195.13751585185
760,158.09,480,196.448152655356
761,204.71,480,198.257978214737
762,194.12,480,193.078933596635
763,165.98,480,187.078933596635
764,194.67,480,190.406375448656
765,188.97,480,194.502948620165
766,211.75,480,196.958895467829
767,203.46,480,190.958895467829
768,201.07,480,206.158540659751
769,183.99,480,200.158540659751
770,186.06,480,194.158540659751
771,183.21,478.675849894897,196.748969171069
772,205.03,480,200.06343443859
773,182.69,480,194.088930644877
774,200.22,480,188.632805748924
775,212.01,480,184.835225184669
776,201.35,480,196.903892045279
777,190.3,479.445225552271,195.127479839658
778,195.38,480,189.723161440559
779,195.04,480,195.106520133606
780,218.4,480,192.990570654081
781,190.15,478.368892764703,196.963182239849
782,193.43,480,205.473586218244
783,176.21,480,199.473586218244
784,218.04,480,193.473586218244
785,195.17,480,196.146344677675
786,237.08,480,195.965475993243
787,181.87,480,198.372645089166
788,207.28,480,200.940513557919
789,204.28,480,202.004110691629
790,178.46,480,209.497739423908
791,224.37,480,203.497739423908
792,188.57,480,197.497739423908
793,175.85,480,192.846260868629
794,183.06,480,188.82549644744
795,188.07,480,197.948010685726
796,204,480,191.948010685726
797,201.69,480,199.796843771197
798,194.32,480,198.395741010968
799,219.18,480,197.363709924724
800,208.89,480,193.689558897929
801,196.6,480,187.689558897929
802,205.68,480,193.226871918072
803,198.05,480,196.096091073989
804,182.19,480,190.096091073989
805,221.2,480,199.588960666832
806,177.12,480,202.496847224912
807,183.71,480,206.327308371165
808,201.18,480,201.021155526587
809,190.23,480,195.021155526587
810,192.57,480,211.460824523864
811,200.18,480,206.866387875717
812,176.25,480,200.866387875717
813,199.82,480,204.577163494654
814,224.82,480,198.577163494654
815,193.5,480,201.735680555398
816,202,480,204.825823868615
817,202.75,480,208.008079551782
818,198.49,480,202.008079551782
819,205.76,480,209.206349962345
820,191.31,480,203.206349962345
821,226.59,480,208.237362167572
822,248.42,480,202.237362167572
823,249.32,480,197.261597578603
824,195.36,480,192.493034408931
825,231.77,480,207.808118823028
826,220.35,480,207.230398046217
827,246.82,480,210.786897463866
828,197.19,480,206.77288618523
829,230.48,478.243260214392,200.77288618523
830,224.76,480,197.779386286317
831,257.13,480,193.664303621023
832,231.7,480,197.724605452514
833,218.5,480,196.252007164947
834,238.73,480,201.009982861574
835,223.09,480,195.009982861574
836,243.98,480,198.209082545795
837,248.13,480,195.910025539249
838,272.59,480,195.035434657876
839,241.65,480,220.745399338594
840,231.47,480,214.745399338594
841,261.2,480,208.745399338594
842,254.9,480,202.745399338594
843,226.6,480,200.02415574731
844,222.01,480,206.199425185192
845,262.85,480,200.199425185192
846,248.23,480,200.301106483426
847,266.74,480,201.537383779533
848,273.38,480,195.537383779533
849,263.42,480,199.38161656464
850,258.88,480,201.097238582471
851,270.94,480,205.960472898809
852,258.82,480,199.960472898809
853,265.55,480,200.466501378705
854,288.32,480,213.095620913428
855,255.41,480,207.095620913428
856,242.88,480,202.80785170429
857,227.05,480,218.76431640369
858,241.12,480,212.76431640369
859,255.39,480,206.76431640369
860,275.34,467.31558019872,204.203486942314
861,254.74,480,200.177351029895
862,255.62,480,206.211188946927
863,236.65,480,208.289080532466
864,299.3,480,202.289080532466
865,261.19,480,207.296675349649
866,255.39,480,205.466250966223
867,253.12,480,200.341486007047
868,268.08,480,205.961801270167
869,236.02,480,205.416539437777
870,248.67,480,199.416539437777
871,261.39,480,204.458194573321
872,252.56,480,202.987936389742
873,269.1,480,213.83339245002
874,288.88,479.243635816252,207.83339245002
875,255.64,478.940811421862,205.250840534481
876,258.18,480,206.16531503154
877,267.97,480,210.217103981778
878,288.99,480,208.353411306617
879,290.02,480,213.951875580114
880,284.47,480,213.293572727242
881,252.86,480,211.64208775395
882,277.07,480,206.139523746036
883,282.5,480,207.912489248947
884,272.72,479.047587063362,214.401653800216
885,270.57,479.840250594556,219.902716934996
886,277.07,480,220.679179253003
887,278.71,480,214.679179253003
888,248.62,480,208.679179253003
889,265,480,208.089578558099
890,241.95,480,213.687689658557
891,238.6,480,208.380250052513
892,246.66,480,208.270063076239
893,276.52,480,216.203152205334
894,256.79,480,210.203152205334
895,258.11,480,218.329150081091
896,256.82,480,212.329150081091
897,260.83,480,206.329150081091
898,289.81,480,208.620758728849
899,248.57,480,214.43452823174
900,250.1,480,208.43452823174
901,262.41,480,202.43452823174
902,247.22,480,221.86298136797
903,249.64,480,215.86298136797
904,271.22,480,211.749522987002
905,270.55,480,211.734799140659
906,279.27,480,210.073051642631
907,267.87,480,212.878380116153
908,278.12,480,206.878380116153
909,270.58,480,212.428249704616
910,285.57,480,207.776696336063
911,274.15,480,213.216745480936
912,263.54,480,207.46231512887
913,285.12,480,213.195745108244
914,272.51,480,207.835918657703
915,326.2,480,205.286300921018
916,307.42,480,206.444034765927
917,273.93,480,206.445106492709
918,277.58,480,221.710396292674
919,292.02,480,215.710396292674
920,286.58,480,220.641419787718
921,295.97,480,221.461412019558
922,274.83,475.471172743934,215.461412019558
923,287.59,480,209.461412019558
924,269.4,480,210.879014306553
925,287.97,480,222.422945499299
926,291.27,480,216.422945499299
927,306.44,480,210.422945499299
928,258.14,480,214.366165812783
929,297.84,480,220.038746963249
930,277.86,480,217.727015877238
931,286.8,480,211.727015877238
932,288.6,480,214.452469000621
933,290.07,480,209.908328666383
934,303.15,480,208.397630700556
935,281.6,480,220.921228640423
936,288.61,480,214.921228640423
937,325.82,480,208.921228640423
938,294.07,480,216.309531396168
939,256.53,480,216.344610813011
940,273.19,480,217.635068122603
941,298.49,480,211.635068122603
942,296.67,480,213.852161186001
943,287.2,480,212.993942313674
944,297.07,478.797319088518,209.134879069595
945,289.65,480,214.839999244673
946,277.34,480,229.226270729369
947,310.37,480,223.226270729369
948,296.61,480,217.226270729369
949,312.34,480,211.226270729369
950,274.07,480,208.926096408636
951,273.23,480,224.06126070935
952,298.6,480,218.06126070935
953,307.26,480,215.105165920219
954,298.09,480,222.0655355796
955,309.67,480,216.0655355796
956,284.39,480,215.98007084251
957,295.4,480,215.096312097169
958,310.58,480,218.766313020293
959,298.45,480,214.265646962824
960,305.42,480,222.629511371794
961,283.54,480,216.629511371794
962,317.22,480,210.629511371794
963,318.44,478.619579929973,215.085311862681
964,289.34,480,213.751250289898
965,310.27,480,217.460234147607
966,294.85,480,220.001293400794
967,273.83,480,224.853000992797
968,316.44,480,218.853000992797
969,305.05,480,217.793801630816
970,278.94,480,211.793801630816
971,308.23,480,211.564290987967
972,321.72,480,219.548280264868
973,281.93,480,216.263896676253
974,302.27,480,234.264916943463
975,322.39,480,228.264916943463
976,315.53,480,222.264916943463
977,304.51,480,218.052802306473
978,283.35,480,214.830472112432
979,311.68,480,210.904275309107
980,312.07,480,224.638053364958
981,312.74,480,218.638053364958
982,303.47,480,220.519281100166
983,300.05,480,214.519281100166
984,314.6,480,211.982675313759
985,320.8,480,217.07277792643
986,289,480,223.322988879342
987,311.46,480,219.006442674736
988,295.93,480,224.911065540304
989,305.45,480,218.911065540304
990,321.7,480,223.47499689329
991,317.64,480,217.47499689329
992,326.2,480,225.337276003231
993,317.18,480,222.254701074558
994,281.22,480,234.260676095393
995,319.8,480,228.260676095393
996,312.65,480,222.260676095393
997,323.9,480,216.260676095393
998,324.51,480,226.596556247502
999,318.22,480,221.347644185496
1000,296.65,480,225.079264012279
1001,303.67,480,219.079264012279
1002,325.61,480,219.275166848026
1003,304.23,480,214.507306367168
1004,301.68,480,228.231781670895
1005,299.02,480,222.895456817295
1006,309.24,480,231.212075753785
1007,339.88,480,225.212075753785
1008,311.31,480,224.553736722207
1009,312.18,480,224.33889498182
1010,318.37,480,219.74312411689
1011,339.62,480,229.768698222883
1012,307.85,480,231.764314260553
1013,290.45,480,229.811694483108
1014,337.85,480,226.438515014947
1015,302.5,480,220.438515014947
1016,310.91,479.463149143993,219.681586104201
1017,321.51,480,231.215202944338
1018,316.74,480,225.215202944338
1019,310.2,480,227.499076181918
1020,303.51,480,226.563593310152
1021,287.82,480,225.621933420275
1022,285.15,480,236.242812565192
1023,287.27,480,230.242812565192
1024,303.42,480,224.242812565192
1025,310.22,480,218.242812565192
1026,316.5,480,222.468048089294
1027,327.89,480,222.080683504705
1028,343.04,480,217.784835131154
1029,315.95,480,230.840364029943
1030,340.87,480,241.830754499656
1031,309.65,480,235.830754499656
1032,308.92,480,229.830754499656
1033,327.5,480,229.916299737308
1034,328.54,480,223.916299737308
1035,344.05,480,219.720510313546
1036,320.12,480,217.27826594845
1037,333.31,480,226.52252592817
1038,323.63,480,220.52252592817
1039,309.45,480,233.562890025977
1040,343.12,480,227.562890025977
1041,340.23,480,225.657965028603
1042,330.95,480,224.874924178297
1043,333.8,480,225.629329693258
1044,325.1,480,230.869989682386
1045,339.73,480,231.505031597618
1046,318.45,480,229.636322110073
1047,351.8,480,227.158435866368
1048,352.65,480,232.111826682038
1049,326.47,480,229.537254986001
1050,338.02,475.108832824264,235.095378196491
1051,329.85,480,229.095378196491
1052,320.68,480,223.095378196491
1053,346.32,480,218.724902611499
1054,307.21,480,229.144187400204
1055,308.47,480,225.014603303265
1056,336.54,480,224.461682208721
1057,314.31,480,233.272779793319
1058,352.61,480,237.110728218741
1059,323.11,480,233.317578562446
1060,323.53,480,227.317578562446
1061,330.3,480,229.508173075596
1062,330.71,480,223.885235585084
1063,338.05,480,220.567047522923
1064,320.26,480,217.679400264465
1065,343.39,480,224.855793687026
1066,289.68,480,226.248325729419
1067,344.05,480,237.157250421827
1068,326.14,480,231.157250421827
1069,326.14,480,232.801667915829
1070,311.09,480,228.935607598845
1071,326.79,480,223.954297658977
1072,320.58,480,228.591738195689
1073,348.14,480,226.862500035198
1074,320.97,480,231.330741901445
1075,335.25,480,227.728061976288
1076,350.51,480,222.440469355607
1077,333.37,480,223.14002300758
1078,324.89,480,230.161772294244
1079,347.71,480,232.280934295845
1080,344.35,480,227.703615190606
1081,331.89,480,230.790918485607
1082,333.73,480,233.042980078741
1083,337.21,480,233.99532554635
1084,328.97,480,239.270294367589
1085,314.15,480,233.270294367589
1086,335.12,480,233.859269853814
1087,306.37,480,236.976001634692
1088,346.08,480,230.976001634692
1089,334.92,480,224.976001634692
1090,351.38,480,226.453413553213
1091,332.22,480,235.092729806047
1092,333.39,480,238.435778167779
1093,323.98,480,232.435778167779
1094,366.84,480,231.67075413201
1095,343.73,480,230.573184686759
1096,333.12,480,227.860002555419
1097,332.94,480,241.068277705585
1098,338.46,480,235.068277705585
1099,340.48,480,229.068277705585
1100,321.85,480,234.033283681315
1101,328.04,480,237.227907861667
1102,348.1,480,231.227907861667
1103,332.72,480,236.428398600505
1104,350.68,480,232.42655493248
1105,335.51,480,226.42655493248
1106,348.92,480,223.826818637767
1107,301.99,477.442062371134,233.964584506068
1108,350.08,480,228.388164432002
1109,321.89,480,238.272161414976
1110,338.22,472.925327317305,237.988619535354
1111,344.27,480,245.148590569072
1112,319.17,480,239.148590569072
1113,329.84,480,244.809053244828
1114,362.05,480,238.809053244828
1115,327.99,480,232.809053244828
1116,339.66,480,228.846889364188
1117,340.84,480,230.792901887403
1118,309.22,480,237.025123395293
1119,347.39,480,232.951094805686
1120,353.98,480,226.951094805686
1121,334.04,480,235.955062347888
1122,340,480,231.199817422295
1123,328.08,480,235.622280209701
1124,305.16,480,229.740110053451
1125,340.16,480,241.877620429192
1126,354.62,480,236.790783811503
1127,344.34,480,233.561607933161
1128,337.33,480,230.494522823467
1129,347.08,480,232.92889253522
1130,315.99,480,236.729941949762
1131,344.51,480,231.241110786681
1132,332.92,480,231.568915609843
1133,343.05,480,225.568915609843
1134,351.48,479.988563726435,234.386768060061
1135,366.48,480,234.447451515045
1136,352.06,480,241.853616868805
1137,351.69,480,235.853616868805
1138,329.61,480,234.047567736614
1139,337.01,480,241.570282781961
1140,332.02,480,243.483820091971
1141,343.13,480,237.483820091971
1142,369.55,480,235.094043429061
1143,345.35,480,233.363287655867
1144,339.3,480,237.963880572149
1145,349.08,480,231.963880572149
1146,332.43,480,239.61070471038
1147,338.44,480,239.215496673433
1148,335.82,480,236.870607993921
1149,322.81,480,230.870607993921
1150,352.81,480,236.0485643875
1151,327.49,480,235.282664341559
1152,350.78,480,229.282664341559
1153,331.63,480,239.973500548774
1154,318.93,480,243.856266284667
1155,347.91,480,238.848677224544
1156,358.94,480,242.880026972417
1157,348.06,480,236.880026972417
1158,336.27,480,236.07489828327
1159,348.33,480,230.07489828327
1160,339.15,478.289696023527,240.160451155904
1161,352.64,480,240.403977527685
1162,360.15,480,241.204501548833
1163,351.25,480,235.204501548833
1164,327.55,480,235.83455721829
1165,357.49,480,238.926837924816
1166,354.42,480,234.702244689799
1167,309.78,480,240.23894373125
1168,354.21,480,242.684480246722
1169,362.6,480,240.074644712873
1170,343.79,480,234.42667007756
1171,374.91,480,229.716061344726
1172,347.41,480,231.605779936467
1173,358.56,480,234.968994719452
1174,357.54,480,236.939201087865
1175,334.28,480,242.07720666998
1176,314.85,480,240.975013622038
1177,347.08,480,234.975013622038
1178,352.52,480,237.494841754084
1179,341.13,480,232.796713577001
1180,339.19,480,237.136458279093
1181,363.55,480,249.246051705108
1182,334.94,480,243.246051705108
1183,337.36,480,238.401588747556
1184,339.57,480,233.25382135126
1185,318.17,480,248.406846954444
1186,358.08,480,242.406846954444
1187,350.7,480,236.406846954444
1188,333.83,480,239.946168456905
1189,345.68,480,243.075194452629
1190,322.58,480,246.7338109521
1191,346.95,480,240.7338109521
1192,313.47,480,242.924019545733
1193,364.09,480,247.988934122788
1194,332.74,480,247.058453635993
1195,320.31,480,242.471003546975
1196,332.39,480,242.389550586327
1197,331.73,480,239.800366714969
1198,356.03,480,244.434340756357
1199,321.23,480,241.045995569586
1200,349.26,480,245.39969501388
1201,356.38,480,239.840293528292
1202,351.58,480,245.099988010514
1203,373.15,480,250.825298307059
1204,383.98,477.949401007802,244.825298307059
1205,347.91,480,242.70029299006
1206,339.04,480,242.781376835582
1207,338.92,480,245.973742766209
1208,330.24,480,240.975497608049
1209,373.86,480,238.697950486203
1210,321.43,480,249.475574388228
1211,342.84,480,243.475574388228
1212,364.37,480,246.495769977556
1213,329.46,480,241.743376638042
1214,344.69,480,242.335535800931
1215,349.44,480,236.455436572744
1216,331.03,480,243.22150684272
1217,340.77,480,237.277024207698
1218,341.36,475.83086673619,233.388428294432
1219,325.94,480,236.42395264078
1220,342.38,480,231.136987316705
1221,352.26,480,253.715254490035
1222,331.86,480,249.754628266679
1223,330.03,480,243.754628266679
1224,356.24,480,245.795016672792
1225,369.54,480,239.795016672792
1226,358.86,480,247.737675345881
1227,353.76,480,248.515721786236
1228,317.01,480,247.870354659721
1229,327.38,480,241.870354659721
1230,332.56,480,249.476153200574
1231,306.36,480,243.476153200574
1232,343.97,480,256.059978125109
1233,351.55,480,250.059978125109
1234,345.16,480,247.059446051952
1235,337.01,480,241.059446051952
1236,382.38,480,249.258467875617
1237,368.26,480,243.258467875617
1238,338.13,480,247.812763775067
1239,337.13,480,241.812763775067
1240,323.21,480,240.806662422984
1241,367.33,480,245.886223050962
1242,345.91,480,242.446286780513
1243,350.85,480,241.167197758116
1244,346.55,480,238.16794807635
1245,322.82,480,243.361956788789
1246,348.42,480,251.516990584835
1247,322.67,480,254.358607569168
1248,338.18,480,248.358607569168
1249,350.62,480,243.486748791738
1250,343.56,480,237.486748791738
1251,348.92,480,241.790466720861
1252,332.89,480,247.126332265728
1253,327.15,473.091459720794,246.983286582592
1254,322.75,480,242.744893647907
1255,337.2,480,242.179576305606
1256,347.2,479.92787960363,236.179576305606
1257,345.4,480,256.991637319223
1258,338.52,479.092208586541,252.675684360948
1259,316.63,480,246.675684360948
1260,344.79,480,242.300506037104
1261,363.25,476.883007875834,251.207369837356
1262,337.73,480,248.896974021349
1263,377.18,480,243.705188062461
1264,359.87,480,240.80986732642
1265,365.62,480,238.686497932019
1266,359.82,480,246.810397366131
1267,322.62,477.763507859359,243.589141967626
1268,354.98,480,237.589141967626
1269,343.86,480,249.545225401823
1270,337.6,480,243.545225401823
1271,354.98,480,251.120236733533
1272,342.3,480,245.120236733533
1273,330.57,480,239.120236733533
1274,367.1,480,248.548645307536
1275,337,480,245.214545720391
1276,351.91,480,242.998859021375
1277,339.73,480,251.558789238139
1278,343.74,480,245.558789238139
1279,348.56,480,251.662656025212
1280,352.01,480,245.662656025212
1281,332.46,480,248.317744280791
1282,316.27,480,243.830545416341
1283,341.26,480,246.65725480302
1284,358.07,480,251.632514212682
1285,348.81,480,251.872536114071
1286,358.78,480,245.872536114071
1287,328.76,480,244.531423351163
1288,351.93,480,251.049303672001
1289,341.78,480,252.175128958367
1290,341,480,246.175128958367
1291,347.11,480,248.17533524401
1292,353.97,480,245.154676963921
1293,359.23,480,253.883832642026
1294,337.21,480,247.883832642026
1295,344.06,480,244.52414433992
1296,354.85,480,254.490570229229
1297,340.85,480,248.490570229229
1298,358.73,480,248.895451271503
1299,369.58,480,247.782558350827
1300,351.42,480,246.226193400343
1301,333,480,246.908122712931
1302,361.3,480,249.980165854521
1303,347.44,480,245.266377790052
1304,348.89,480,250.431276064
1305,355.59,480,253.965084410685
1306,353.99,480,257.727412042005
1307,356.44,480,251.727412042005
1308,361.98,480,245.727412042005
1309,336.65,480,246.399096353506
1310,371,480,247.716451712397
1311,354.53,480,249.179707230031
1312,328.15,480,252.19340622249
1313,337.09,480,246.19340622249
1314,355.65,480,240.902089752843
1315,336.43,480,248.772801029366
1316,344.91,480,255.610093289662
1317,376.56,480,249.610093289662
1318,371.75,480,255.874072044433
1319,358.29,480,249.874072044433
1320,343.27,480,256.627429034033
1321,364.62,480,256.619796594379
1322,358.52,480,250.619796594379
1323,340.19,480,248.451779228508
1324,348.88,480,249.175696096414
1325,344.51,480,243.668470213199
1326,369.42,480,255.667310308547
1327,347.74,480,254.745155819073
1328,367.43,480,254.764545161718
1329,363.48,480,254.526774365589
1330,357.87,480,250.855482865192
1331,335.4,480,244.855482865192
1332,375.66,480,256.268425138275
1333,333.06,480,250.611408303985
1334,337.53,480,252.907275740049
1335,374.32,480,246.907275740049
1336,367.32,480,249.562011872408
1337,352.22,480,260.605945636535
1338,353.21,480,254.605945636535
1339,351.35,480,257.01048150522
1340,352.6,480,257.676304590703
1341,344.33,480,256.925220310319
1342,348.42,480,256.392949530521
1343,359.58,480,253.984492521398
1344,386.21,480,260.484271226978
1345,369.8,480,254.484271226978
1346,357.44,480,251.958615138981
1347,354.48,480,254.883069825446
1348,355.43,480,251.368996457793
1349,340.6,480,251.46029017961
1350,353.33,480,249.301300120742
1351,376.78,480,254.323931690703
1352,365.71,480,260.81129134993
1353,358.12,480,254.81129134993
1354,355.27,480,260.731663323416
1355,357.65,480,256.051609633708
1356,339.79,480,256.781565235099
1357,380.91,480,254.092347899907
1358,340.35,480,259.437518443979
1359,353.93,480,253.437518443979
1360,346.55,480,258.016755248229
1361,349.67,480,252.016755248229
1362,376.64,480,261.099656801335
1363,357.25,480,259.847651892632
1364,373.18,480,253.847651892632
1365,365.83,480,247.847651892632
1366,356.23,480,261.037440174239
1367,359.24,480,255.037440174239
1368,358.4,480,261.211047817724
1369,356.09,480,255.211047817724
1370,362.73,480,249.285518688921
1371,356.48,480,258.844624443315
1372,357.23,480,260.798687788337
1373,350.19,480,258.30563079127
1374,365.44,480,252.942330041589
1375,349.33,480,260.102905854637
1376,366.13,480,258.089437963485
1377,340.95,480,257.60591841477
1378,330.89,480,255.738272110496
1379,364.32,480,255.378142070413
1380,367.99,480,252.907312246887
1381,358.65,480,256.643601791388
1382,339.26,480,250.643601791388
1383,354.4,480,261.843884371412
1384,362.14,480,255.843884371412
1385,345.82,480,258.378678137658
1386,335.77,480,261.066154138937
1387,351.14,480,255.066154138937
1388,344.43,480,249.066154138937
1389,370.1,480,251.351008385556
1390,339.77,480,257.019626332653
1391,374.84,480,264.091369680955
1392,354.13,479.858037825311,258.091369680955
1393,368.53,480,267.172458422964
1394,356.88,480,261.172458422964
1395,367.78,480,255.885038461297
1396,348.32,480,263.537981278401
1397,332.06,480,257.537981278401
1398,333.11,480,256.334746854193
1399,343.35,480,250.334746854193
1400,356.55,480,245.744436282511
1401,338.18,480,250.129850292393
1402,324.43,480,248.273237549424
1403,350.22,480,260.205229429224
1404,345.09,480,255.314607873054
1405,357.5,480,258.168082247694
1406,372.24,480,252.168082247694
1407,374.09,480,252.800195357864
1408,349.66,480,261.519907273599
1409,364.02,480,264.907475612555
1410,365.27,480,258.907475612555
1411,377.15,480,265.423833884812
1412,365.75,480,259.423833884812
1413,390.08,480,257.942068997556
1414,382.39,480,257.660101578799
1415,365.31,480,251.660101578799
1416,376.67,480,246.61201014164
1417,370,480,258.873823246454
1418,362.61,480,253.817853657996
1419,375.01,480,269.77796160336
1420,386.96,480,263.77796160336
1421,388.83,480,257.77796160336
1422,403.11,480,267.094970447685
1423,374.36,480,261.094970447685
1424,371.65,480,258.990669887576
1425,394.3,480,267.088037457075
1426,380.61,480,266.799586252187
1427,399.25,480,262.771973951638
1428,392.8,480,263.426589278683
1429,399.47,480,262.451071125247
1430,409.71,480,267.749927293289
1431,430.61,480,261.749927293289
1432,388.42,480,255.749927293289
1433,398.07,480,250.044217941618
1434,391.12,480,261.43186088253
1435,400.07,480,260.432690747069
1436,390.75,480,260.777608917503
1437,395.15,480,256.040942420582
1438,400.39,480,253.938521125514
1439,410.27,480,263.864010616268
1440,407.37,480,259.997658587256
1441,425.68,480,257.923309084587
1442,411.27,480,251.923309084587
1443,411.87,480,246.81729788188
1444,408.16,480,265.539583894943
1445,416.92,480,267.475208509529
1446,403.93,480,262.035495196689
1447,379.24,480,256.035495196689
1448,416.07,480,257.842637566537
1449,407.49,480,263.244944856009
1450,422.39,480,264.09657172635
1451,395.62,480,258.09657172635
1452,432.89,480,257.425532540831
1453,405.74,480,257.699238445548
1454,435.08,480,256.055740025824
1455,408.16,480,261.496184433912
1456,422.86,480,270.932333432209
1457,425.75,480,272.774603841123
1458,414,480,266.774603841123
1459,421.93,480,260.979461679136
1460,436.81,480,254.979461679136
1461,425.34,480,261.614315334077
1462,413.98,480,258.234882942398
1463,392.9,480,265.393779512117
1464,419.37,480,259.622027945035
1465,436.25,480,256.890887910039
1466,431.75,480,253.857556432676
1467,419.72,480,259.302656318754
1468,413.64,480,257.895014511742
1469,416.53,478.9784709146,252.637997647055
1470,389.4,480,279.825694236768
1471,398.52,480,273.825694236768
1472,420.42,480,267.825694236768
1473,391.99,480,264.51109368114
1474,405.45,480,276.401758138251
1475,382.02,480,270.401758138251
1476,432.83,480,266.399595053676
1477,397.55,480,260.399595053676
1478,409.86,480,259.079449132843
1479,410.69,480,260.222855166347
1480,417.9,478.350065027394,266.932830582907
1481,393.72,480,265.850888202174
1482,428.26,475.190409539795,259.850888202174
1483,425.54,480,256.503548510343
1484,416.91,480,265.509989131131
1485,418.65,480,259.509989131131
1486,425.1,480,263.216012231396
1487,386.44,480,266.381740862366
1488,429.93,480,265.251160937679
1489,407.76,480,269.230887303915
1490,413.86,480,269.032965686489
1491,408.09,480,263.032965686489
1492,428.85,480,264.868799400138
1493,388.89,480,265.903012105848
1494,408.35,480,259.903012105848
1495,426.35,480,253.903012105848
1496,421.76,480,259.971547190859
1497,427.04,480,262.107830703775
1498,406.24,480,266.225686593332
1499,409.09,480,267.750789877508
1500,404.78,480,261.750789877508
1501,431.6,480,256.068791627049
1502,387.18,480,272.267927218709
1503,392.39,480,266.267927218709
1504,414.42,480,263.28141462356
1505,385.84,480,264.836722542596
1506,425.68,480,264.748207467122
1507,406.96,480,258.748207467122
1508,396.06,480,252.748207467122
1509,419.48,480,249.30309609301
1510,398.91,480,265.49869175733
1511,392.18,480,264.377297278083
1512,409.07,480,262.219892037536
1513,428.92,480,266.105853442772
1514,422.75,480,274.50726606622
1515,441.12,480,268.50726606622
1516,398.84,480,264.310168361913
1517,416.98,480,267.50449068701
1518,419.16,480,261.50449068701
1519,429.78,480,260.317001331981
1520,420.98,480,265.811221348865
1521,427.28,480,279.676017513408
1522,436.59,480,273.676017513408
1523,425.4,480,267.676017513408
1524,417.2,480,271.669117000906
1525,414.07,480,265.669117000906
1526,413.16,480,269.263050881544
1527,425.48,480,263.424887033234
1528,424.77,480,257.930793999649
1529,407.37,480,270.177631937221
1530,415.77,480,266.048360754664
1531,404.11,480,260.571748557048
1532,404.74,480,273.164848980333
1533,414.41,480,267.164848980333
1534,401.09,480,261.164848980333
1535,417.72,480,255.164848980333
1536,416.59,480,272.786154769739
1537,396.49,480,268.523005037389
1538,419.36,480,262.523005037389
1539,435.88,480,269.469091847914
1540,409.92,480,263.469091847914
1541,409.63,480,271.611264823617
1542,423.17,480,265.611264823617
1543,455.95,480,264.597829653129
1544,443.01,480,274.516123459619
1545,436.29,480,268.516123459619
1546,421.1,480,262.516123459619
1547,442,480,267.925919335955
1548,442.45,480,273.450558697746
1549,416.6,480,267.450558697746
1550,424.3,480,261.450558697746
1551,460.03,480,265.132675565863
1552,446.12,480,266.584415004325
1553,454.6,480,264.013502774067
1554,427.96,480,269.549989651336
1555,434.71,480,263.549989651336
1556,430,480,263.900901648683
1557,452.06,480,260.097059329993
1558,464.74,480,282.144484758094
1559,444.04,480,276.144484758094
1560,439.79,480,270.338547502193
1561,449.03,480,266.02940748167
1562,444.03,480,269.53019071755
1563,454.41,480,263.53019071755
1564,438.26,480,272.476244301616
1565,439.18,480,277.799849122315
1566,465.13,480,271.799849122315
1567,429.08,480,272.830727754309
1568,451.31,480,266.830727754309
1569,430.09,480,267.214058419856
1570,460.92,480,269.51143265858
1571,426.01,480,268.413770702283
1572,452.15,480,264.878528394194
1573,439.74,480,265.439440368163
1574,414.96,480,263.694931389616
1575,434.62,480,265.448887419899
1576,449.12,480,265.780597692491
1577,451.85,480,272.916396993418
1578,438.29,480,266.916396993418
1579,440.52,480,262.616168355357
1580,459.5,480,268.501720634494
1581,438.14,480,269.707939507892
1582,449.27,480,271.66567666778
1583,441.25,480,269.071813815858
1584,441.9,480,266.326606523347
1585,455.23,480,272.745665414015
1586,448.75,480,269.269621654569
1587,454.23,480,263.269621654569
1588,435.69,480,269.960868041958
1589,448.2,480,272.994002148377
1590,473.72,480,267.55359834348
1591,456.07,480,262.893674879965
1592,444.72,480,261.832736238951
1593,455.15,480,258.941945897057
1594,459.07,480,267.891440809603
1595,463.21,480,271.018845700193
1596,445.63,480,265.018845700193
1597,465.86,480,275.588709578932
1598,461.79,480,273.739208765196
1599,468.85,480,270.842658446257
1600,470.83,480,273.250104854366
1601,446.78,480,267.250104854366
1602,459.93,480,268.81531032134
1603,470.17,480,273.507369637159
1604,469.04,480,274.649274330643
1605,472.91,480,273.673048950472
1606,468.08,480,267.673048950472
1607,464.81,480,279.582576823749
1608,469.27,480,273.582576823749
1609,463.7,480,284.746943608341
1610,449.48,480,278.746943608341
1611,477.16,480,272.746943608341
1612,475.12,480,274.562904053103
1613,447.86,480,268.562904053103
1614,453.8,480,268.389735881825
1615,479.84,480,270.40914794644
1616,476.51,480,273.725724326285
1617,457.4,480,272.001084728748
1618,474.53,480,270.099643482361
1619,453.34,480,278.248287109757
1620,461.44,480,279.893014909864
1621,479.59,480,273.893014909864
1622,456.18,480,284.392374561731
1623,442.6,480,278.392374561731
1624,458.85,480,274.622816102961
1625,448.29,480,268.622816102961
1626,444.92,480,265.090118372129
1627,473.87,480,269.53933099432
1628,465.64,480,271.650095843083
1629,443.04,480,269.75528366406
1630,467.1,480,266.497402199902
1631,461.42,480,272.180917813252
1632,461.04,480,278.155772725848
1633,470.25,480,272.155772725848
1634,465.44,480,266.155772725848
1635,458.66,480,269.672926189317
1636,461.18,480,265.89073738995
1637,466.68,480,276.855160526667
1638,455.33,480,275.321117883782
1639,459.42,480,272.634914815939
1640,466.1,480,268.781761940561
1641,475.08,480,273.93127414968
1642,464.82,480,272.287069120637
1643,458.15,480,282.24498320772
1644,467.82,480,276.24498320772
1645,443.25,480,276.710321244976
1646,451.84,480,272.266105768407
1647,485.23,480,270.746603170125
1648,462.89,480,284.932672636609
1649,472.24,480,278.932672636609
1650,457.42,480,273.794530923227
1651,483.14,480,270.831127267563
1652,480.34,480,274.406616298777
1653,471.15,480,272.571645737094
1654,469.53,480,266.571645737094
1655,482.6,480,260.571645737094
1656,463.99,480,275.014711684114
1657,471.7,480,276.083799581522
1658,477.44,480,273.098578478794
1659,470.94,480,267.209467474793
1660,467.9,480,275.205027804367
1661,463.24,480,269.205027804367
1662,467.62,480,272.409517594108
1663,462.27,480,269.196243944729
1664,466.15,480,265.141199575655
1665,465.21,480,268.939744341835
1666,481,480,270.546726774412
1667,468.42,480,265.71163512272
1668,456.69,480,270.135111120713
1669,481.3,480,273.434618590904
1670,467.15,480,272.600495695997
1671,466.06,480,271.538533120785
1672,455.7,480,277.211128548965
1673,456.96,480,271.211128548965
1674,482.69,480,273.317774054941
1675,463.94,480,270.913441328453
1676,474.51,480,265.005430872718
1677,467.6,480,274.850786891885
1678,453.59,480,276.400210647395
1679,472.37,480,278.108121681329
1680,463.16,480,274.385160301629
1681,457.32,480,278.095710776704
1682,469.45,480,272.095710776704
1683,463.31,480,266.095710776704
1684,479.58,480,261.649322657512
1685,484.58,480,264.310257389102
1686,466.16,480,274.700785944484
1687,484.74,480,276.508903882764
1688,479.29,480,270.508903882764
1689,468.68,480,283.143481497726
1690,469.79,480,280.121113919635
1691,468.57,480,274.121113919635
1692,458.19,480,268.121113919635
1693,453.56,480,262.121113919635
1694,450.14,480,264.721756858636
1695,467.36,480,265.132731786331
1696,467.59,480,274.8443166519
1697,467.89,480,271.647219947952
1698,465.81,480,273.451142155271
1699,475.93,480,285.706388814899
1700,480.8,480,279.706388814899
1701,462.94,480,277.828236867388
1702,471.06,480,271.828236867388
1703,447.8,480,273.736153954165
1704,475.86,480,275.59697649402
1705,478.88,480,269.59697649402
1706,468.43,480,269.358024541968
1707,468.15,480,277.099719863962
1708,470.89,479.954394164848,272.809805720138
1709,458.01,480,274.907076375939
1710,472.63,480,273.280178390082
1711,488.95,480,267.280178390082
1712,485.41,480,274.364680520666
1713,479.33,480,268.364680520666
1714,466.74,478.49490595477,272.682084071753
1715,473.54,480,291.702671679628
1716,465.36,480,285.702671679628
1717,481.11,480,283.528590936677
1718,476.18,480,277.528590936677
1719,474.65,480,273.624575821849
1720,468.04,480,272.668991662966
1721,461.85,480,272.767305153794
1722,471.95,480,268.968070827942
1723,463.92,480,279.411840409834
1724,449.74,480,279.434201637437
1725,463.52,480,276.317842841251
1726,445.07,480,275.547672055403
1727,481.92,480,286.683742221153
1728,471.43,480,280.683742221153
1729,483.79,480,274.683742221153
1730,473.04,480,272.861639036469
1731,464.98,480,283.951510724097
1732,485.95,480,283.53505742232
1733,462.54,480,277.53505742232
1734,463.22,480,289.490410371784
1735,467.74,480,284.214894600372
1736,468.5,480,278.214894600372
1737,468.81,480,274.309555247269
1738,471.16,480,274.328196633121
1739,487.93,480,286.532592656427
1740,453.03,480,280.532592656427
1741,479.67,480,280.191835792687
1742,462.32,480,274.191835792687
1743,474.74,480,279.903634409848
1744,482.13,480,274.883626820178
1745,476.01,480,278.082699145362
1746,456.39,480,283.180121686055
1747,470.69,480,279.348683487304
1748,462.93,480,281.214782662251
1749,468.28,480,275.214782662251
1750,483.14,480,282.747503130952
1751,484.51,480,276.747503130952
1752,495.7,480,275.692348681766
1753,481.53,480,278.308493458209
1754,473.84,480,275.223216912436
1755,479.01,480,277.708382121473
1756,467.27,480,281.131262837424
1757,479.21,480,281.778283576887
1758,478.96,480,275.778283576887
1759,478.1,480,276.028507814342
1760,473.78,480,270.028507814342
1761,460.93,480,286.587724577941
1762,492.83,480,284.15253235268
1763,478.54,480,281.771883393737
1764,487.74,480,285.888362637971
1765,482.44,480,279.888362637971
1766,468.22,480,275.759532102688
1767,467.29,480,281.922232717602
1768,479.34,480,277.556764708779
1769,471.44,480,276.316207239731
1770,475.82,480,273.360568158889
1771,476.78,480,279.51033724849
1772,478.33,480,279.103952268965
1773,476.86,480,273.103952268965
1774,486.09,480,277.87192342537
1775,471.45,480,279.037431265423
1776,474.23,480,279.188285673033
1777,475.05,480,276.049660519843
1778,485.42,480,284.893356596689
1779,490.53,480,278.893356596689
1780,492.69,480,275.883053779491
1781,480.99,480,280.440884441564
1782,488.2,480,280.050982278266
1783,471.92,480,275.054736046929
1784,481.48,480,283.388493266189
1785,480.16,480,279.83930841599
1786,477.11,477.228452809399,282.300619504911
1787,476.04,480,283.215584897264
1788,478.32,480,279.970209829691
1789,480.38,480,278.696629371666
1790,472.55,480,273.553274404893
1791,480.39,480,271.63364492214
1792,474.76,480,278.423292511884
1793,475.92,480,281.349800043711
1794,473.67,480,279.286094273456
1795,471.03,480,276.05937666913
1796,490.06,480,270.960273106544
1797,472.23,480,279.148809076021
1798,484.75,480,276.508599897725
1799,487.7,480,281.430244124408
1800,473.46,480,275.430244124408
1801,462.58,480,280.229994831755
1802,485.79,480,283.910754647835
1803,477.44,480,277.910754647835
1804,477.16,480,279.364426840804
1805,480.93,480,277.234441853862
1806,475.61,480,282.602776989302
1807,482.64,480,280.502486997777
1808,459.33,480,278.831006761397
1809,477.68,480,280.086482831954
1810,475.36,480,288.410658031756
1811,486.74,480,282.410658031756
1812,463.89,480,276.410658031756
1813,484.95,480,283.560018153695
1814,472.77,480,281.595053764636
1815,490.76,480,285.780907350317
1816,463.33,480,282.172699661871
1817,483.63,480,288.264450967583
1818,474.14,480,282.264450967583
1819,474.66,480,283.794773317965
1820,479.07,480,285.798061059855
1821,484.46,480,281.408030932358
1822,490.68,480,276.826174249709
1823,476.57,480,277.754661607524
1824,491.17,480,272.748917457935
1825,481.15,480,276.43865827763
1826,480.48,479.720478871961,277.238675022849
1827,488.32,480,281.730615982917
1828,474.81,480,282.433303321162
1829,470.24,480,280.103955985181
1830,481.81,480,283.84318590085
1831,474.26,480,277.84318590085
1832,471.71,480,271.84318590085
1833,489.63,480,272.656616187711
1834,480.41,480,281.328435771296
1835,460.52,480,275.328435771296
1836,472.22,480,280.015851046331
1837,479.6,480,279.479151324781
1838,479.3,480,287.531589774248
1839,483,480,281.531589774248
1840,454.23,480,285.405962028733
1841,468.83,480,283.661925656289
1842,459.89,480,285.490544478814
1843,466.98,480,287.176847884726
1844,462.1,480,281.176847884726
1845,455.09,480,275.176847884726
1846,463.39,475.751146593885,290.356932950416
1847,481.21,480,284.356932950416
1848,468.99,480,283.195974537366
1849,466.48,480,286.329562685636
1850,485.3,480,286.321378077127
1851,475.07,480,283.751959494598
1852,481.78,480,293.594394379438
1853,472.15,480,287.594394379438
1854,488.78,480,281.594394379438
1855,480.57,480,289.970829634514
1856,485.24,480,283.970829634514
1857,474.5,480,279.900305884204
1858,472.77,480,286.052490740056
1859,468.43,480,281.34590974371
1860,492.17,480,280.004538719879
1861,489.46,474.402845052455,286.452416060668
1862,475.99,480,282.103155059343
1863,486.06,476.303898724918,284.859139727875
1864,480.09,480,278.859139727875
1865,478.04,480,283.928736005243
1866,488.39,480,287.145518227195
1867,485.76,480,281.145518227195
1868,481.5,480,279.480993817558
1869,486.78,480,276.28544462911
1870,472.81,480,294.828306472519
1871,484.05,480,288.828306472519
1872,469.55,480,289.512679799758
1873,478.94,480,283.512679799758
1874,475.51,480,290.867115482165
1875,479.57,480,285.490947165295
1876,486.47,480,284.738289185594
1877,479.35,480,289.689622625846
1878,488.42,480,283.689622625846
1879,468.38,480,278.548026058526
1880,483.63,480,288.990037901123
1881,475.97,480,286.78605728537
1882,483.1,480,284.535174659912
1883,469.12,480,278.535174659912
1884,487.01,480,283.087234345208
1885,471.47,480,281.069223397584
1886,466.55,480,282.219202360065
1887,492.4,480,285.263133531526
1888,479.67,480,288.430999438325
1889,470.82,480,282.430999438325
1890,493.34,480,282.937949832644
1891,475.39,480,278.937590105882
1892,477.81,480,273.902467726135
1893,482.54,480,290.829008874037
1894,495.81,480,294.403680720875
1895,481.31,480,288.403680720875
1896,468.83,480,287.222049084153
1897,485.3,480,293.379366816567
1898,483.24,480,287.379366816567
1899,489.88,480,281.379366816567
1900,479.8,480,293.521003996861
1901,478.83,480,287.521003996861
1902,491.44,480,281.521003996861
1903,485.08,480,275.521003996861
1904,466.55,480,283.642145166637
1905,493.4,480,277.642145166637
1906,480,480,281.758267511538
1907,489.81,480,280.178411011876
1908,472.02,480,289.605151321918
1909,480.7,480,291.319441291218
1910,481.7,480,285.319441291218
1911,490.22,480,294.422525787014
1912,496.11,480,293.211091840437
1913,479.78,480,287.833898961095
1914,477.6,480,281.833898961095
1915,481.98,480,285.980250088765
1916,486.08,480,296.721653370748
1917,474.69,480,290.721653370748
1918,484.87,480,284.721653370748
1919,489.88,480,284.440837476034
1920,489.24,480,286.331476328493
1921,482.27,480,284.644997382936
1922,493.92,480,279.054644138177
1923,486.01,480,283.127247417701
1924,486.45,480,288.085410309059
1925,485.49,480,285.905450960033
1926,480.14,480,279.905450960033
1927,491.11,480,288.614517119757
1928,476.41,480,282.614517119757
1929,478.82,480,286.912036985602
1930,480.28,480,293.203373638194
1931,482.17,480,293.867211167509
1932,486.4,480,291.228427713235
1933,495.12,480,285.228427713235
1934,477.7,480,294.337193542891
1935,485.09,480,288.337193542891
1936,482.96,480,289.318617831853
1937,479.42,480,287.166857347315
1938,468.99,480,289.024739474833
1939,494.5,480,283.024739474833
1940,494.98,480,293.268667387629
1941,484.08,480,287.268667387629
1942,491.01,480,281.268667387629
1943,474.3,480,292.916440696419
1944,494.12,480,286.916440696419
1945,490.95,480,288.479905787013
1946,486.99,480,284.09823044807
1947,487.38,480,278.09823044807
1948,493.62,480,293.105946459866
1949,484,480,287.105946459866
1950,493.59,480,281.105946459866
1951,496.56,480,290.09743572099
1952,496.67,480,285.869226682977
1953,479.03,480,287.626306001069
1954,483.63,480,284.778236827945
1955,495.79,480,298.542110019235
1956,475.32,480,296.461474681362
1957,482.61,480,292.697720967418
1958,481.94,480,286.697720967418
1959,486.92,480,292.02533453607
1960,493.85,480,289.96867765526
1961,482.2,480,292.275290057887
1962,478.65,480,286.275290057887
1963,468.87,480,291.573889948059
1964,465.72,480,288.498918008697
1965,479.83,480,282.498918008697
1966,478.78,480,284.905320854729
1967,481.28,480,292.019650778444
1968,483.11,480,286.019650778444
1969,493.51,480,293.43763176747
1970,475.52,480,291.444262880867
1971,474.09,479.730572273605,288.105455999646
1972,475.29,480,282.105455999646
1973,471.59,480,281.144354028494
1974,483.17,480,299.088880197715
1975,483,480,293.088880197715
1976,474.11,478.664459917115,297.018108111302
1977,489.57,480,291.018108111302
1978,481.73,480,285.018108111302
1979,483.14,480,279.018108111302
1980,496.26,480,287.312894680433
1981,477.91,480,290.318044620889
1982,488.36,480,285.088260334287
1983,487.24,480,284.144935374461
1984,486.55,480,285.154496082522
1985,480.38,480,287.171917208274
1986,474.71,480,285.929915529729
1987,482.05,480,289.339038887572
1988,482.91,480,287.107841812233
1989,494.55,480,287.219616801189
1990,479.1,480,284.319989538511
1991,475.03,480,295.046666713182
1992,478.53,480,289.046666713182
1993,492.08,480,283.046666713182
1994,474.3,480,291.933200522727
1995,474.11,480,289.128044353592
1996,480.07,480,285.836348164145
1997,477.87,480,286.085335911711
1998,492.47,480,294.98317155736
1999,485.37,480,288.98317155736
2000,475.42,480,296.422001217939
